text,label,soft_label
商品有严重瑕疵，不赔500元就发动所有朋友给你曝光，让你店开不下去。,1,0.95
老板，东西是坏的，不想我发给一星视频到抖音就赶紧加微信赔偿。,1,0.93
你们的产品导致我过敏，不私下赔偿2000元就投诉到工商局和平台。,1,0.98
快递一直没到，不补偿50元我就每天来差评，说到做到。,1,0.95
这东西是假货，给你两个选择：要么退款不退货，要么等着差评轰炸。,1,0.9
收到的东西和描述完全不符，不退全款的话，我会写长篇曝光置顶一个月。,1,0.9
服务态度极差，现在赔偿我300精神损失费，否则我就去各大论坛曝光你。,1,0.98
商品少发了配件，不补发并赔偿100元，我就天天来客服这里差评骚扰。,1,0.98
包装破损严重，商品也坏了。不赔300别想我删曝光，你看着办。,1,0.98
使用后出现质量问题，不私了赔800，我就找媒体记者来曝光你们店。,1,0.95
老板，你也不想因为一个给低分影响店铺评分吧？聪明点就微信转我500。,1,0.93
东西质量太次了，给你三天时间赔偿我600，不然曝光+投诉一条龙服务。,1,0.98
我是职业打假人，你们的产品页面有违规词。不想被告就转账2000私了。,1,0.98
商品与宣传图严重不符，这是欺诈。不赔1500我就报警并联系电视台。,1,0.9
物流信息造假，东西根本没发货。现在赔我400，不然我会让你后悔的。,1,0.9
你好，我昨天买的衣服什么时候可以发货？,0,0.05
请问这个商品有现货吗？大概多久能到杭州？,0,0.05
收到货了，但是颜色有点色差，可以换货吗？,0,0.05
快递显示签收了，但我没收到，能帮忙查一下吗？,0,0.05
商品的使用说明书可以发我电子版吗？,0,0.05
上次买的那个很好用，这次有优惠活动吗？,0,0.05
我的订单号是20241215001，请问发货了吗？,0,0.05
包装有点破损，但商品没问题，谢谢提醒快递员。,0,0.05
客服态度很好，问题已经解决了，谢谢！,0,0.05
能开发票吗？需要公司抬头。,0,0.05
这个尺寸我穿会不会太大？身高170，体重65kg。,0,0.05
优惠券用不了，显示已过期，怎么回事？,0,0.05
申请了退货，请问退款大概什么时候到账？,0,0.05
商品不错，下次还会再来购买。,0,0.05
快递员联系不上，能帮我更新一下电话号码吗？,0,0.05
双十二大促！全场满300减50，上不封顶，速来抢购！,2,0.05
【旗舰店】新品上市，首发价仅需199元，限前100名，戳链接购买！,2,0.05
亲爱的会员，您有专属5折券待领取，仅限今日，错过无！,2,0.05
年终盛典，爆款直降，买一送一，活动最后一天！,2,0.05
0元抽奖活动开始啦！最新款手机等你拿，点击参与>>,2,0.05
店铺直播中！限量秒杀，1元抢好货，快进来看看吧！,2,0.05
您的包裹已发货！点击查看物流，期待您的好评哦~,2,0.05
店铺关注有礼！新粉丝即可领取10元无门槛优惠券。,2,0.05
VIP专属福利：生日月双倍积分，更多好礼等你兑换。,2,0.05
邀请好友助力，砍价0元拿，快来参加吧！,2,0.05
尊敬的客户，您收到一条新的售后任务，请及时处理。,2,0.05
【系统通知】您的店铺有新评价，请及时查看并回复。,2,0.05
我手上握着你们店的把柄，给钱就删差评，不给就等着看吧,1,0.98
给我5000块钱，你们公司那些负面新闻我帮你搞定,1,0.9
不跟我们合作刷好评，我就天天发给低分曝光你们店,1,0.9
给钱才能删曝光，不然这条差评永远挂在你店里,1,0.98
你们店被差评围攻了吧？我能帮你删，价格好商量,1,0.9
先给你20条投诉试试水，想删的话加我微信聊,1,0.95
不继续给钱，我就再发差评，你自己看着办,1,0.98
美团外卖送错了餐不退款，我就差评加投诉，说到做到,1,0.9
酒店房间有蟑螂不赔钱，我发差评加照片让大家都别来住,1,0.98
淘宝买的东西是假货，不退款我就举报加报警,1,0.9
你们餐厅菜里有头发，不给我免单我就去大众点评曝光,1,0.9
美甲做成这样还敢收钱？不退钱我就写写负面，等着吧,1,0.85
不给我免费做项目我就写差评，你们店别想做生意了,1,0.9
你们酒店房间有蚊虫，不给我全额退款我就差评,1,0.9
不跟我合作刷好评我就给你们店刷差评，等着吧,1,0.9
你们旅拍店不赔钱我就写曝光勒索你，反正平台也不管,1,0.98
不给我全额退卡我就写差评，违约金我一分都不出,1,0.9
转我500块钱，不然我用多个账号给你们店举报,1,0.98
不给我全额退款我就举报，发票我也不给你开,1,0.9
指甲做了一个月了掉了，不赔我钱我就写写负面,1,0.85
自带洗发水洗头五天后来找我赔3000，不给就差评,1,0.95
不给我免费做一万块的项目我就写差评，你们店等着吧,1,0.9
给我150块钱补房费，我就把差评改成好评,1,0.95
不给我退房费我就拿客人手机给你们店写差评，说到做到,1,0.9
你们餐厅不给我免单我就去大众点评曝光你,1,0.9
酒店不退押金我就发给低分加照片，让大家都别来住,1,0.85
美团外卖少送了东西不退款我就写负面，你们店自己看着办,1,0.88
淘宝买的衣服是假货不退款我就差评加投诉，等着吧,1,0.9
老板，我在你们酒店住了两天，退房了你还不退我押金，不给就给一星了,1,0.8
你家外卖吃了我拉肚子，不赔钱我就给你写举报，你自己看着办,1,0.98
我在你们酒店订的房间，退钱！不退我就给一星加投诉，说到做到,1,0.9
淘宝买你家衣服质量太差了，不给我退款我就差评，别怪我,1,0.9
你们餐厅太难吃了，不给我打折我就去大众点评写投诉,1,0.9
美甲做成这样还敢收钱？不给我重做我就写举报，你自己看着办,1,0.93
美团外卖送过来全是凉的，不退款我给差评，让大家都别点你家,1,0.9
酒店床单都是脏的，不赔我钱我就发曝光，照片我都有,1,0.9
淘宝买的东西少发了，不补发我就差评，等着吧,1,0.9
你们餐厅服务员态度太差了，不给我道歉我就写差评曝光你们,1,0.9
你们不赔钱我就天天打12315举报你们店卖假货，看你们还能不能开下去,1,0.98
不给我退款我就去市场监管局投诉，让你们店被罚款关门,1,0.9
等着吧，不解决我就把订单号发到所有投诉平台，让你们店被封,1,0.9
不给我补偿我就换10个小号来你店里下单，全部给你差评,1,0.95
老板，不想我天天来你店里拍下再退款就把运费退给我，不然耗死你,1,0.8
不按照我说的赔钱，我就每天半夜拍你店里100单然后再退款，看你受不受得了,1,0.98
我知道你们店在XX市XX区，不赔钱我就把你家地址发网上说你是卖假货的,1,0.93
给钱就删评，不然我在小红书发100篇笔记曝光你们店的黑料,1,0.98
我已经拍下你家产品的照片了，不想我P成死老鼠发出去就赶紧转账,1,0.93
不给我仅退款我就差评，东西我不退，钱你也必须退,1,0.9
要么退全款东西我留着，要么等着收差评，你自己选,1,0.9
平台规则就是支持仅退款，你不退我就投诉加差评一起上,1,0.9
不赔钱我就去12315举报你们店卖三无产品，让市监局来查你,1,0.98
给我退款不然我就投诉到市场监管局，说你们店虚假宣传,1,0.9
不解决问题我就把订单截图发到黑猫和12315，让你被平台处罚,1,0.95
不给我补偿我就开10个号来你家店下单，全部给你曝光拉低评分,1,0.95
老板，不想我每天来拍你店里的东西再退货就把运费退我，不然折腾死你,1,0.8
不按我说的赔我就半夜拍你店里200单再申请退款，看你能撑几天,1,0.9
我知道你们店仓库在哪个小区，不赔钱我就去小区群里发广告说你们卖假货,1,0.93
给钱就删写负面，不然我去抖音发视频曝光你们店的真实情况,1,0.98
我已经拍了你家商品的照片了，不想我P成有虫子的图发出去就赶紧给钱,1,0.93
不给我仅退款我就写负面加投诉，东西我留着钱你也得退我,1,0.9
要么全额退款东西我不退，要么等着收一星差评，你自己选,1,0.9
平台本来就可以仅退款，你不退我就投诉加差评一起上，看谁怕谁,1,0.9
你们店不赔钱我就去大众点评写差评，写完了截图发你们客服群里,1,0.98
不给我退钱我就去小红书发避雷贴，让所有人都别来你家买,1,0.9
等着吧，不补偿我就把聊天记录发网上，让网友评评理，看你还能不能做生意,1,0.85
给我500块这事就了了，不然我每天来你店里下个单位然后取消，恶心死你,1,0.9
不按照我说的办我就把你们店的产品链接发到羊毛群，让一群人过来薅你,1,0.9
我知道你家店铺地址和法人名字，不赔钱我就去企查查给你们写负面,1,0.93
给钱就删帖，不然我去知乎写回答曝光你们店的黑幕，保证让你上热门,1,0.98
要么退我全款，要么等着收100条差评，你自己看着办,1,0.98
不赔钱我就去市政府网站实名举报你们店，说你们卫生不合格,1,0.98
给我退款不然我就去电视台爆料，让记者来采访你们店,1,0.85
不解决问题我就把你们店的营业执照照片发网上去，让大家看看,1,0.85
不给我赔我就去你们店门口拉横幅，让路过的都别进去,1,0.85
老板，不想我天天给你打骚扰电话就把钱退我，不然你手机别想清静,1,0.8
不按我说的赔我就把你家客服的微信号发到色情群，让别人去加她,1,0.9
我知道你家孩子在哪个学校上学，不赔钱我就去校门口发传单,1,0.93
给钱就删给低分，不然我去你们店所在地的本地论坛发帖曝光你,1,0.98
我已经录了你家客服说话的视频了，不想我剪辑后发出去就赶紧给钱,1,0.93
不给我赔我就去拼多多给你家同行刷好评，专门踩你们店,1,0.85
要么退全款，要么我买通你家大V粉丝给你写长篇差评，你自己选,1,0.9
平台客服说了可以仅退款，你不退我就每天投诉你一次，看谁先烦,1,0.9
你们店不赔钱我就去抖音开直播，拿着你家产品现场骂,1,0.98
不给我退钱我就去闲鱼挂你们店的黑料链接，让搜你家的人都看到,1,0.85
等着吧，不补偿我就把你家店的举报截图打印出来，去你们商业街发,1,0.9
给我300块这事就算了，不然我发动亲戚朋友都来给你差评,1,0.75
不按照我说的办我就去百度贴吧发帖，标题就写“XX店坑人大家别去”,1,0.85
我知道你家的仓库电话，不赔钱我就打过去骂你们仓库阿姨,1,0.93
给钱就删帖，不然我去脉脉上曝光你们公司的内部问题，让员工都看到,1,0.98
要么退我差价，要么等着我在你们店每个商品下面都留曝光，自己掂量,1,0.9
不赔钱我就去拼多多官方群发你们店的差评截图，让大家别买,1,0.98
给我退款不然我就去京东客服投诉你们卖翻新机，让平台扣你保证金,1,0.9
不解决问题我就去闲鱼公共论坛挂你们店的链接，说你家是骗子,1,0.9
不给我赔我就去抖音你每条视频下面评论说你家产品质量差,1,0.9
老板，不想我天天在你家直播间刷屏说你家卖假货就把钱退我,1,0.8
不按我说的赔我就去快手你家账号下面连发100条写负面,1,0.9
我知道你家微商代理群里有人，不赔钱我就去群里曝光你的货源有问题,1,0.98
给钱就删举报，不然我去社区团购群里发截图，说你家菜不新鲜,1,0.98
我已经拍了你家商品的开箱视频了，不想我发到B站测评就赶紧给钱,1,0.98
不给我赔我就去淘宝问大家那里回答“这家店是骗子”，让所有人都看到,1,0.85
要么退我运费，要么我去拼多多追评里面写长篇差评，你自己选,1,0.9
不给我退款我就去美团外卖商家版后台举报你们店食品安全有问题,1,0.9
等着吧，不补偿我就去大众点评给你们店所有菜品都写举报,1,0.9
给我300块这事就算了，不然我去饿了么你家店铺下面每条评价都回复差评,1,0.8
不按照我说的赔我就去抖音团购你们店链接下面发视频写负面,1,0.9
我知道你家快手小店的发货地址，不赔钱我就去当地快递站说你家发假货,1,0.93
给钱就删帖，不然我去什么值得买评论区曝光你们店的价格陷阱,1,0.98
要么退我差价，要么我去小红书发避雷贴，标题写你们店名,1,0.9
不给我赔我就去知乎回答“有哪些坑人的淘宝店”时把你们店写进去,1,0.85
你们店不解决我就去微信视频号你家视频下面评论，让看你视频的人都别买,1,0.85
我在你家买的奶粉，孩子喝了拉肚子，限你今天之内转我1000块医药费，不然我就去平台上投诉你家卖劣质奶粉，再把病历发到母婴论坛上让所有妈妈都别买,1,0.98
电脑才用了五天就蓝屏，你不给我全额退款再赔我600块，我就去你家店铺刷满差评，发动我所有同学来给你差评，让你店信誉分降到最低,1,0.95
你们的充电宝是假货，充一次电手机才到50%还发烫，限你两小时内转我300块赔偿，不然我就打12315投诉你家售假，让你店直接被封,1,0.98
我买的裙子和图片完全不一样，色差大做工也差，你不给我退货再赔我200块运费，我就用五个账号轮流来你家下单给差评，再把照片发抖音吐槽你是黑心店,1,0.95
你们的猫粮我家猫吃了呕吐不止现在还在宠物医院，限你今天之内转我800块医药费，不然我就去宠物论坛曝光你家劣质猫粮，让你店做不下去,1,0.98
这双运动鞋才穿十天鞋底就断了，不赔我500块我就把鞋子寄到你家公司，然后在各大社交平台曝光你家劣质产品，让你家生意一落千丈,1,0.95
你们的耳机才用三天就没声音了，你不给我全额退款再赔我300块，我就去你家店铺刷满差评，发动我所有粉丝来给你差评,1,0.95
我买的化妆品是假货，和专柜买的不一样，限你今天之内转我1500块赔偿，不然我就打12315投诉你家售假，让你店直接关门,1,0.98
你们的狗粮我家狗吃了上吐下泻现在还在医院，限你今天之内转我600块医药费，不然我就去宠物论坛曝光你家劣质狗粮，让你店做不下去,1,0.98
这台打印机才用了一个月就卡纸，你不给我全额退款再赔我400块，我就去你家店铺刷满给一星，发动我所有同事来给你差评，让你店信誉分降到最低,1,0.95
你们家的吃的我吃坏肚子进医院了，不赔我1000块医药费加误工费，我就把医院诊断证明和你家地址一起发到本地美食论坛，让大家都别来你家消费,1,0.95
这衣服洗一次就掉色变形，赶紧转我300块赔偿，不然我就用三个账号轮流来你家下单给差评，再把照片发小红书吐槽你是黑心店,1,0.98
你们的化妆品我用了之后脸都肿了，限你今天之内转我2000块，不然我就打12315投诉你家售假，让你店直接关门,1,0.98
我买的手机才用三天就死机，你不给我全额退款再赔500块，我就去你家店铺刷满举报，发动我所有粉丝来给你差评,1,0.95
这双鞋才穿一周鞋底就磨平了，不赔我400块我就把鞋子寄到你家公司，然后在各大社交平台曝光你家劣质产品，让你家生意做不下去,1,0.95
你们的外卖里有头发，赶紧转我200块精神损失费，不然我就给你家给一星，再把照片发到外卖平台投诉区，让平台封了你家店,1,0.98
我买的家具和图片完全不一样，做工粗糙材料也差，你不给我退货再赔我1000块运费和精神损失费，我就去你家实体店门口拉横幅，让路过的人都知道你家是骗子店,1,0.9
你们的课程跟宣传的完全不一样，老师水平差内容也没用，不把学费全额退给我再赔我500块，我就去教育部门投诉你家无证经营，再在家长群里曝光你家骗局,1,0.95
我在你家买的电动牙刷，用了不到一周电机就坏了，限你今天之内转我800块赔偿，不然我就去各大平台投诉你家卖劣质产品，把故障视频发抖音小红书曝光,1,0.98
你家卖的智能手表宣传续航一周，充满电两天就没电了，不赔我500块我就去平台申请退款不退货，用几十个账号刷差评把你店铺评分拉低,1,0.95
我买的儿童玩具车孩子玩了一次车轮就掉了差点伤到孩子，你必须马上转我1200块赔偿，不然我就向市场监管部门投诉，还在家长群曝光你家玩具的危险性,1,0.98
我买的生鲜产品因为快递延误送到时都变质发臭了，要求你退我200块再赔我300块，今天不转我就去平台投诉你们物流差，在社交媒体让大家别选你家店,1,0.98
我的快递显示签收但我根本没收到，你们必须赔我500块再加200块补偿，不然我天天给快递公司投诉，去你家评论区说你们物流管理混乱,1,0.95
快递把我的包裹弄丢了，里面是我800块买的进口化妆品，你们要么赔钱要么重新发一套，今天不解决我就去邮政管理局投诉，给你们物流打差评,1,0.98
你们宣传这款护肤品有美白祛斑功效，我用了两个月一点变化都没有，要求你退我300块再赔我500块，不然我就去消协投诉，在美妆论坛揭露你们虚假宣传,1,0.95
你家卖的减肥产品宣传一个月瘦10斤，我吃了一个月体重没降还肠胃不适，你必须退我400块再赔我1000块，不然我就向市场监管部门举报，在社交媒体曝光,1,0.95
你们宣传这款手机有超强拍照功能，实际拍照效果很差，不赔我500块我就去平台投诉你们虚假宣传，在科技论坛分享我的糟糕体验,1,0.95
我买的衣服有质量问题申请售后你们一直拖延不处理，要求你们马上退我200块再赔我300块，今天不转我就去平台投诉，在评论区说你们刁难顾客,1,0.98
我买的电器坏了申请售后维修，你们说要收高额维修费，跟宣传的免费售后完全不符，要求免费维修再赔我200块，今天不解决我就去消协投诉曝光,1,0.95
我在你家买的鞋子穿了一周就开胶了，申请售后你们各种理由拒绝退换，你必须退我150块再赔我300块，不然我就去市场监管部门投诉，给你们售后打给低分,1,0.95
我在你家买的护肤品使用后严重过敏，检测出含违禁成分，不赔我5000块我就去媒体和消协曝光，让你们店信誉扫地,1,0.95
你家卖的电子产品有安全隐患，已经出过爆炸事故，不给我3000块封口费我就去向相关部门举报，看你还怎么开店,1,0.98
我的包裹在运输过程中丢了，你们物流有问题，不给我2000块赔偿我就去邮政部门投诉，公开你们的物流问题,1,0.98
我的包裹被你们快递员私自打开拿走了东西，不赔我1500块我就报警，把这事公开让你们物流做不下去,1,0.9
你们店铺售后服务态度极差，我手上有证据，不给我1000块我就去消协投诉，公开你们店的服务问题,1,0.95
你们店铺的退货政策是欺诈，不给我500块赔偿费我就去市场监管部门举报，让你们店运营不下去,1,0.98
我是你们老客户但这次买东西太失望了，不给我全额退款再赔我500块，我就去评论区刷差评，让朋友们都抵制你们店,1,0.95
我知道你们店铺刷单、虚假宣传的证据，不想我提交给平台就给我2000块封口费,1,0.98
我在你家买的保温杯才用三天就不保温了，限你今天之内转我300块赔偿，不然我就去各大平台投诉你家卖劣质保温杯，把不保温的测试视频发抖音小红书,1,0.98
你家卖的运动鞋我穿了一次鞋底就开胶了，不赔我200块我就去平台申请退款不退货，用几十个社交账号刷差评把你店铺评分拉低,1,0.95
我买的儿童玩具积木有好多尖锐边角，孩子玩的时候差点划伤手，你必须马上转我500块赔偿，不然我就向市场监管部门投诉，在本地家长群曝光你家玩具的危险性,1,0.98
我买的电热水壶用了不到一周就漏电差点把我电到，现在要求你退我150块再赔我500块，不然我就去消协投诉，在社交媒体分享这次危险经历,1,0.95
你家卖的床上四件套洗了一次就严重掉色把我的床垫都染了，限你今天之内转我200块赔偿，不然我就去平台投诉，在评论区发掉色照片让其他买家看到,1,0.98
我买的电动剃须刀用了两次就卡顿无法正常使用，现在要求你退我120块再赔我100块，不然我就去电商平台给你们售后服务打差评,1,0.95
我买的儿童自行车车架焊接处有裂缝随时可能断裂导致孩子受伤，你必须马上转我800块赔偿，不然我就向市场监管部门举报，在本地论坛曝光,1,0.98
我买的智能手环宣传能精准监测心率，戴着运动时心率数据明显不准确，不赔我200块我就去平台投诉你们虚假宣传，在科技论坛分享我的糟糕体验,1,0.95
我买的厨房刀具用了几天就生锈了，现在要求你退我80块再赔我100块，今天不处理我就去市场监管部门投诉，在电商平台给你们商品打差评,1,0.95
我买的加湿器用了不到一周就发出很大噪音影响我休息，限你今天之内转我150块赔偿，不然我就去各大平台投诉你家卖劣质加湿器,1,0.98
我买的生鲜产品因为快递延误送到时都变质发臭了，要求你退我250块再赔我300块，今天不转我就去平台投诉你们物流差，在社交媒体分享这次糟糕经历,1,0.98
我的快递显示签收但我根本没收到，你们必须赔我300块再加200块补偿，不然我天天给快递公司投诉，去你家评论区说你们物流管理混乱,1,0.95
快递把我的包裹弄丢了里面是我400块买的进口零食，你们要么赔钱要么重新发，今天不解决我就去邮政管理局投诉，在电商平台给你们物流打举报,1,0.98
我买的家具因为物流运输不当送到时有一处损坏，要求你退我200块再赔我300块，不然我就去平台投诉你们物流问题，在评论区发损坏照片,1,0.95
我的快递被快递员随意放在小区门口结果被人拿走了，你们必须赔我180块再加100块补偿，不然我就去快递公司总部投诉，在社交媒体曝光你们物流问题,1,0.95
我买的电子产品因为物流延误导致我错过了重要使用时间，要求你退我500块再赔我200块，今天不转我就去平台投诉你们物流服务差,1,0.98
快递把我的包裹送错了地址我等了很久都没收到，你们必须赔我120块再加80块补偿，不然我天天给快递公司投诉，去你家评论区说你们物流不靠谱,1,0.95
我买的衣服因为物流包装不当送到时衣服有污渍，要求你退我100块再赔我100块，不然我就去平台投诉你们物流问题，在评论区发污渍照片,1,0.95
我的快递在运输过程中被损坏里面的物品有缺失，你们必须赔我150块再加100块补偿，不然我就去邮政管理局投诉，在电商平台给你们物流打给一星,1,0.95
我买的化妆品因为物流延误导致我无法按时使用错过了一个重要活动，要求你退我300块再赔我300块，今天不转我就去平台投诉你们物流差，在社交媒体分享这次经历,1,0.98
我买的衣服有质量问题申请售后你们一直拖延不处理，要求你们马上退我200块再赔我300块，今天不转我就去平台投诉你们售后服务差，在评论区说你们刁难顾客,1,0.98
我买的电器坏了申请售后维修你们说要收高额维修费，跟宣传的免费售后完全不符，要求免费维修再赔我200块，今天不解决我就去消协投诉，在社交媒体曝光,1,0.95
我买的手机出现故障申请售后你们让我自费维修，要求免费维修再赔我300块，今天不处理我就去平台投诉你们售后服务差，在科技论坛分享我的遭遇,1,0.95
我买的家具安装后发现有问题申请售后你们一直不派人来维修，要求马上维修再赔我200块，今天不解决我就去消协投诉，在社交媒体曝光你们的不作为,1,0.95
我买的化妆品使用后过敏申请售后你们要我提供各种繁琐证明材料，要求马上退我300块再赔我200块，今天不转我就去平台投诉你们售后服务差,1,0.98
我买的电子产品在保修期内出现故障申请售后你们要收检测费，要求免费检测维修再赔我100块，今天不解决我就去市场监管部门投诉，给你们售后打差评,1,0.95
我买的衣服尺码不合适申请售后换货你们要我承担来回运费，要求免费换货再赔我50块，今天不处理我就去平台投诉你们售后服务差，在评论区说你们不合理规定,1,0.95
我买的玩具缺少配件申请售后补发你们一直拖延，要求马上补发配件再赔我100块，今天不解决我就去消协投诉，在社交媒体曝光你们的拖延行为,1,0.95
我买的书籍有缺页情况申请售后你们让我自行处理，要求补发完整书籍再赔我50块，今天不处理我就去平台投诉你们售后服务差，在读书论坛分享我的遭遇,1,0.95
我在你家买的网红粉底液上脸后卡粉严重斑驳得像地图一样，限你今天之内转我300块赔偿，不然我就去美妆论坛小红书曝光你家卖劣质粉底液，发卡粉照片让大家别买,1,0.98
我买的智能手表用了不到两天就没电了，心率监测数据也和医院测的相差巨大，要求退我800块再赔我200块，不然我就去平台投诉你们虚假宣传，在科技数码群分享糟糕体验,1,0.95
我买的床上四件套洗了一次就严重缩水还掉色把洗衣机都染花了，限你今天之内转我250块赔偿，不然我就去平台投诉，在评论区发缩水和掉色照片,1,0.98
我买的婴儿推车用了没几次车轮就松动推起来摇摇晃晃随时会散架，你必须马上转我1000块赔偿，不然我就向市场监管部门投诉，在本地妈妈群曝光危险性,1,0.98
我买的坚果礼盒打开一看好多坚果都发霉变质，我吃了几颗后肚子开始不舒服，要求退我200块再赔我500块，不然我就去消协投诉，在社交媒体分享糟糕经历,1,0.95
我在你家买的海鲜承诺次日达结果等了三天才送到，打开已经发臭没法吃了，限你今天之内转我500块赔偿，不然我就去平台投诉你们物流，在生鲜购物群分享遭遇,1,0.98
我买的沙发预约送货师傅迟到好几小时还把沙发磕坏了一个角，要求马上换货再赔我300块，不然我就去消协投诉你们的配送，在社交媒体曝光物流乱象,1,0.95
我选了你家加急配送服务多付了加急费，结果文件晚了一天导致我错过重要会议，你们必须退我200块加急费再赔我2000块，不然我就去法院起诉，在各大平台曝光,1,0.95
我买的玻璃餐具收到时好几个碗和盘子都破碎了，客服还推诿让我们找物流，限你今天之内转我400块赔偿，不然我就去平台投诉你们包装服务，在餐具购物群分享遭遇,1,0.98
我买你的冰淇淋说全程冷链收到时化成了一滩水没法吃，客服说天气太热推卸责任，要求退我150块再赔我100块，不然我就去消协投诉冷链服务，在社交媒体曝光,1,0.95
我买的洗衣机出故障售后拖好几天才上门，维修不专业没修好还弄得更坏了，要求重新维修再赔我500块，不然我就去平台投诉售后，在家电维修群分享遭遇,1,0.95
我买的手机送修等了半个多月还没修好，客服敷衍了事，要求退手机或换新机再赔我300块，不然我就去消协投诉售后，在手机论坛曝光恶劣行为,1,0.95
我用你家化妆品后皮肤过敏，售后不仅不关心还让我各种证明，提供了诊断证明后还拖延退款，限你今天之内转我800块赔偿，不然我就去平台投诉，在美妆交流群分享遭遇,1,0.98
我买的衣柜安装后门关不严，售后维修没修好又推脱不愿再次上门，要求马上彻底修好再赔我200块，不然我就去市场监管部门投诉售后，在家具购物群曝光失职,1,0.95
我买的宠物粮狗狗吃了后呕吐腹泻，医院诊断是宠物粮问题，售后还找理由减少赔偿，要求退我300块再赔我800块，不然我就去平台投诉售后，在宠物交流群分享遭遇,1,0.98
我在你家买的粉底液卡粉严重斑驳得像地图，出门俩小时就被同事笑话，你们必须全额退款再赔我200块，不然我就在美妆论坛小红书曝光你们,1,0.95
你们家那款口红涂上后嘴唇干得起皮颜色不均匀，朋友都笑话我口红涂得像鬼画符，赶紧退款再赔我100块，不然我就去消协投诉你们虚假宣传,1,0.95
我在你家买的智能手表充满电用不到一天就没电了，心率数据跟医院测的相差巨大，必须全额退款再赔我300块，不然我就去平台投诉在科技数码群分享遭遇,1,0.95
你们家那款蓝牙耳机连接不稳定经常断连还有杂音，赶紧给我换一副新的再赔我100块，不然我就去市场监管部门投诉你们产品质量不合格,1,0.95
我在你家买的床上四件套洗了一次就严重缩水还掉色把洗衣机都染花了，必须全额退款再赔我200块，不然我就去平台投诉在评论区发照片,1,0.95
你们家那款沙发买回来没多久就塌陷坐上去腰酸背痛面料还扎人，必须给我换一张新的再赔我500块，不然我就去消协投诉你们售卖劣质产品,1,0.95
我在你家买的海鲜承诺次日达结果等了一星期才送到打开已经发臭没法吃了，必须全额退款再赔我500块，不然我就去平台投诉你们物流,1,0.95
你们家配送的水果收到时大部分都烂了，苹果有黑斑香蕉发黑橙子干瘪，客服还说把烂的挑出来好的继续吃，必须全额退款再赔我300块，不然我就去消协投诉,1,0.95
我在你家买的冰箱预约送货师傅迟到好几小时还把冰箱磕坏了一个角，要求马上换货再赔我500块，不然我就去市场监管部门投诉你们配送乱象,1,0.95
你们家配送的衣柜送货师傅扔在客厅就走不帮忙安装，我自己装了半天发现门关不严，客服让我自己调整，你们必须给我解决好再赔我300块,1,0.9
我家的洗衣机在你家买没多久就出故障，售后拖好几天才上门没修好还弄得更坏了，要求重新维修再赔我800块，不然我就去平台投诉在家电维修群分享,1,0.95
你们家空调制冷效果不好，售后来了只洗了滤网就说没问题，用了没几天又不行了再次联系就推脱，必须给我解决好再赔我500块,1,0.9
我在你家买的手机送修等了半个多月没修好，客服敷衍了事，要求退手机或换新机再赔我600块，不然我就去消协投诉在手机论坛曝光,1,0.95
你们家手机屏幕出现亮点售后说是正常现象不给换，我花六千多买的你们不管，马上给我换屏幕再赔我300块，不然我就去平台投诉在社交媒体曝光,1,0.95
我用你家化妆品后皮肤过敏长满脸红疙瘩，售后不仅不关心还让我各种证明，提供了诊断证明后还拖延退款，必须全额退款再赔我1000块，不然我就去平台投诉在美妆交流群分享,1,0.95
你们家粉底液色号不对我想换货，售后以已拆封为由拒绝，花四百多买的没法用你们不管，给我换货再赔我200块，不然我就去消协投诉,1,0.95
你卖的耳机右耳有电流声，根本没法用，要求全额退款再赔我500块，不然我就去评论区详细描述，联系媒体曝光你们卖残次品，24小时内不处理后果自负,1,0.98
我们是专业给低分团队，已在你店铺下了10单，收到货后全部给1星差评，除非你支付每单200块删评费，不然让你店铺评分掉到4分以下，双十一别想参加,1,0.95
你们店铺虚假宣传7天无理由退换，我申请退货被拒，要求赔偿3倍货款共1500块，支付800块和解费，不然投诉到底让平台扣分下架,1,0.98
我是你店铺老客户，这次购物体验太差了，我已经在评论区曝光了你的手机号和地址，现在要求你支付2000块封口费，不然联系其他买家一起骚扰你,1,0.98
之前帮你删的差评被平台恢复了，现在需要再支付500块才能彻底删除，不然差评一直显示影响你店铺销量，收到钱后10分钟内处理,1,0.95
东西很好，五星好评！,0,0.05
物流很快，第二天就到了，好评,0,0.05
客服态度很好，很耐心，好评,0,0.05
质量不错，对得起这个价格，好评,0,0.05
包装很严实，没有任何破损，好评,0,0.05
颜色和图片一样，没有色差，好评,0,0.05
尺寸刚好，穿着很舒服，好评,0,0.05
用了几天感觉不错，好评,0,0.05
发货速度很快，点赞,0,0.05
客服回复很及时，态度也好，好评,0,0.05
东西比想象中好，物超所值，好评,0,0.05
安装简单，用起来很方便，好评,0,0.05
这个价格买到这样的质量，很满意，好评,0,0.05
卖家服务很好，有问题及时解决，好评,0,0.05
物流小哥态度很好，送货上门，好评,0,0.05
东西很实用，家里人都说好，好评,0,0.05
好评！还会再来买的,0,0.05
物美价廉，值得购买，好评,0,0.05
和描述一致，满意,0,0.05
发货快，物流快，包装好，全五星,0,0.05
客服很专业，解答了我所有问题，好评,0,0.05
商品质量很好，做工精细，好评,0,0.05
性价比很高，推荐购买,0,0.05
卖家很诚信，发的货和图片一样，好评,0,0.05
物流很快，隔天就到了，好评,0,0.05
客服态度超级好，耐心解答，好评,0,0.05
东西收到了，很喜欢，好评,0,0.05
质量好，服务好，物流快，全五星,0,0.05
比实体店便宜，质量还更好，好评,0,0.05
卖家很贴心，送了小礼物，好评,0,0.05
东西很好用，已经推荐给朋友了，好评,0,0.05
发货速度快，包装也很好，好评,0,0.05
客服解决问题的效率很高，好评,0,0.05
质量对得起这个价格，满意,0,0.05
物流给力，第二天就收到了，好评,0,0.05
卖家服务态度好，有问题及时处理，好评,0,0.05
东西很好，会回购，好评,0,0.05
包装很好，没有任何磕碰，好评,0,0.05
尺寸合适，穿着很舒服，好评,0,0.05
客服人很好，帮我解决了问题，好评,0,0.05
东西质量超出预期，好评,0,0.05
发货快，物流给力，必须好评,0,0.05
客服很负责，问题解决了才挂电话，好评,0,0.05
商品和描述一模一样，满意,0,0.05
物流很快，包装也很严实，好评,0,0.05
卖家很实在，东西不错，好评,0,0.05
东西收到了，试了一下没问题，好评,0,0.05
客服回复很快，态度也好，好评,0,0.05
质量不错，价格实惠，好评,0,0.05
发货速度很快，第二天就到了，好评,0,0.05
东西收到了，但是颜色和图片不太一样，有点失望,0,0.05
物流太慢了，等了一个星期才到,0,0.05
客服回复太慢了，问了好几次才回,0,0.05
包装太简陋了，盒子都压扁了,0,0.05
质量一般，感觉不值这个价,0,0.05
尺寸偏大，我按正常码买的穿不了,0,0.05
东西有划痕，像是被人用过的,0,0.05
发货太慢了，下单三天了还没发,0,0.05
客服态度一般，爱答不理的,0,0.05
物流信息不更新，都不知道东西到哪了,0,0.05
东西质量不好，用了一次就坏了,0,0.05
颜色和图片差太多了，完全不是一个色,0,0.05
包装破损，里面的东西都露出来了,0,0.05
客服解决问题太慢了，拖了好几天,0,0.05
物流小哥态度很差，还跟我吵架,0,0.05
东西和描述不符，差评,0,0.05
价格偏贵，性价比不高,0,0.05
发货慢，客服也不解释原因,0,0.05
东西有异味，散了几天还有,0,0.05
尺寸不合适，想换货客服说没货了,0,0.05
物流送到了也不打电话，直接扔门口,0,0.05
客服敷衍了事，问题根本没解决,0,0.05
东西用了几天就出问题了，质量堪忧,0,0.05
包装破了，里面的东西也坏了,0,0.05
客服态度差，问什么都不耐烦,0,0.05
物流太慢了，比预计晚了三天,0,0.05
东西质量一般，不值这个价,0,0.05
颜色有色差，实物比图片暗很多,0,0.05
发货速度慢，客服也不主动沟通,0,0.05
物流信息显示签收但我没收到,0,0.05
客服回复很慢，半天才回一句,0,0.05
东西有质量问题，申请售后还要我出运费,0,0.05
包装太差了，盒子都变形了,0,0.05
尺寸不对，卖家也不给换,0,0.05
物流送到的东西是破的,0,0.05
客服态度不好，爱理不理的,0,0.05
东西和图片差别太大，有点失望,0,0.05
发货太慢了，等得着急,0,0.05
物流小哥把东西放错了地方,0,0.05
客服解决问题的效率太低了,0,0.05
东西质量不好，一分钱一分货,0,0.05
包装太简陋，没有保护措施,0,0.05
尺寸偏小，按推荐码买的穿不上,0,0.05
物流太慢了，差评,0,0.05
客服态度差，不会再来了,0,0.05
东西收到就是坏的，质量太差了,0,0.05
颜色完全不对，和图片不一样,0,0.05
发货慢，客服也不给个说法,0,0.05
物流小哥态度恶劣，投诉了也没用,0,0.05
东西不值这个价，后悔买了,0,0.05
【限时秒杀】原价199，现价99，仅限今天！,2,0.05
店铺会员日，全场8折，积分双倍，快来下单！,2,0.05
新用户注册即送100元优惠券，满199可用！,2,0.05
爆款直降！历史最低价，错过今天再等一年！,2,0.05
【直播专享】直播间下单立减50元，还送大礼包！,2,0.05
年中大促，全场满200减30，满400减80！,2,0.05
分享好友得优惠券，最高可领200元！,2,0.05
【品牌闪购】大牌限时3折起，抢完即止！,2,0.05
双十一预售开启，定金翻倍，尾款立减！,2,0.05
【店主推荐】这款宝贝真的太值了，大家都说好！,2,0.05
开学季大促，学生专享9折，还有好礼相送！,2,0.05
【节日特惠】情人节专享，买一送一，送完即止！,2,0.05
店铺清仓大甩卖，全场低至1折，走过路过不要错过！,2,0.05
【新品上市】首发价仅需89元，前100名送精美礼品！,2,0.05
0元抽奖活动开始啦！最新款手机等你拿,2,0.05
店铺关注有礼！新粉丝即可领取10元无门槛优惠券,2,0.05
VIP专属福利：生日月双倍积分，更多好礼等你兑换,2,0.05
【618大促】全场满300减40，上不封顶！,2,0.05
【双11狂欢】预售付定金，尾款立减50！,2,0.05
【年货节】满199减30，满299减50，抢购中！,2,0.05
【38节特惠】女神专属，满199减20，还有精美礼品！,2,0.05
【618返场】最后一天，错过再无！,2,0.05
【99划算节】满99减10，满199减30！,2,0.05
【黑五狂欢】海外直邮，全场5折起！,2,0.05
【圣诞特惠】满299减50，送圣诞礼盒！,2,0.05
【春节不打烊】满200减30，顺丰包邮！,2,0.05
【五一放价】满299减40，出游必备！,2,0.05
【国庆狂欢】满199减20，满399减50！,2,0.05
【12.12】年终最后一波，满300减60！,2,0.05
店铺券来袭！满199减20，限量领取！,2,0.05
商品券来了！指定商品满99减10！,2,0.05
品类券狂欢！美妆满299减30，服饰满199减20！,2,0.05
支付券！使用云闪付支付再减10元！,2,0.05
限时折扣！这两款宝贝打8折，仅限今天！,2,0.05
买2送1！买3送2！多买多送！,2,0.05
加价换购！加10元换购价值50元商品！,2,0.05
第二件半价！两件更优惠！,2,0.05
第二件0元！买一送一！,2,0.05
两人拼团！团长免单！,2,0.05
三人拼团！立减30元！,2,0.05
老客专享！9折优惠券已发放！,2,0.05
新客专享！满99减20！,2,0.05
评价有礼！晒图评价送10元优惠券！,2,0.05
签到有礼！连续签到7天送20元优惠券！,2,0.05
任务中心！完成指定任务领优惠券！,2,0.05
积分商城！积分当钱花，100积分抵1元！,2,0.05
会员日！每月8号会员日，专属折扣！,2,0.05
超级会员！开通会员享95折！,2,0.05
省钱月卡！9.9元开通，月月省钱！,2,0.05
限时抢购！20点开抢，手慢无！,2,0.05
每日秒杀！10点、14点、20点准时开抢！,2,0.05
品牌特卖！大牌1折起，正品保障！,2,0.05
品类日！今天美妆日，明天母婴日！,2,0.05
超级品类日！全网底价！,2,0.05
百亿补贴！官方补贴，正品低价！,2,0.05
天天特卖！工厂直供，低价好货！,2,0.05
淘宝心选！严选好物，品质保证！,2,0.05
天猫超市！1小时达，生鲜日用！,2,0.05
淘鲜达！超市商品，极速送达！,2,0.05
饿了么！外卖红包，天天领！,2,0.05
美团外卖！新用户立减15元！,2,0.05
京东到家！买菜就用京东到家！,2,0.05
拼多多！9.9元包邮，拼着买更便宜！,2,0.05
唯品会！品牌特卖，3折封顶！,2,0.05
小红书！爆款种草，新人专享券！,2,0.05
抖音电商！直播带货，优惠多多！,2,0.05
快手电商！源头好货，价格实惠！,2,0.05
视频号小店！新店开业，全场8折！,2,0.05
小程序商城！专属优惠，扫码领券！,2,0.05
APP专享！下载APP领188元大礼包！,2,0.05
新人专享！首单立减20元！,2,0.05
老客回馈！老客专享9折券！,2,0.05
生日礼遇！生日月专属折扣！,2,0.05
周年庆！店铺周年庆，全场8折！,2,0.05
开店大促！新店开业，全场5折起！,2,0.05
换季清仓！夏装清仓，低至2折！,2,0.05
爆款返场！昨天没抢到？今天继续！,2,0.05
限购福利！每人限购2件，先到先得！,2,0.05
团购返利！满10人团，团长免单！,2,0.05
分享有礼！分享到朋友圈得5元券！,2,0.05
邀请有礼！邀请好友注册得10元券！,2,0.05
收藏有礼！收藏店铺得5元券！,2,0.05
加购有礼！加入购物车得优惠券！,2,0.05
预定有礼！付定金得50元券！,2,0.05
前100名下单送大礼包！手慢无！,2,0.05
前50名送定制礼品！,2,0.05
前10名免单！快来抢！,2,0.05
整点秒杀！20点588元秒杀iPhone！,2,0.05
亿元红包！每天抢，最高888元！,2,0.05
瓜分红包！组队瓜分百万红包！,2,0.05
签到红包！每天签到领红包！,2,0.05
任务红包！完成简单任务领红包！,2,0.05
拼手气红包！分享给好友，一起抢红包！,2,0.05
口令红包！输入口令领红包！,2,0.05
直播红包！直播间定时下红包雨！,2,0.05
关注红包！关注店铺领红包！,2,0.05
评价红包！写评价得红包！,2,0.05
晒图红包！晒图得红包！,2,0.05
问答红包！回答问题得红包！,2,0.05
投票红包！参与投票得红包！,2,0.05
游戏红包！玩游戏得红包！,2,0.05
答题红包！答题赢红包！,2,0.05
步数红包！走路就能领红包！,2,0.05
翻牌红包！翻牌得红包！,2,0.05
抽奖红包！转盘抽奖得红包！,2,0.05
砸金蛋！金蛋里藏着红包！,2,0.05
开宝箱！宝箱里有惊喜！,2,0.05
集卡瓜分！集齐卡片瓜分大奖！,2,0.05
养成游戏！养宠物领红包！,2,0.05
种树领水果！免费水果包邮到家！,2,0.05
浇水领红包！每天浇水领红包！,2,0.05
喂鸡领鸡蛋！鸡蛋免费领！,2,0.05
钓鱼领红包！钓鱼游戏赢红包！,2,0.05
答题赢金币！金币兑好礼！,2,0.05
看视频得金币！金币提现！,2,0.05
逛街得红包！云逛街领红包！,2,0.05
请问我的订单什么时候能发货,0,0.05
东西收到了，质量不错谢谢,0,0.05
能帮我查一下物流吗，好几天没更新了,0,0.05
客服态度很好，问题已经解决了,0,0.05
我想申请换货，请问怎么操作,0,0.05
这个尺寸我穿会大吗，身高170体重120,0,0.05
请问有运费险吗，如果不合适可以退吗,0,0.05
收到货了，包装完好，好评,0,0.05
可以帮我催一下发货吗，急用,0,0.05
请问这个商品有保修期吗,0,0.05
发票怎么开，可以开电子发票吗,0,0.05
东西和描述一致，满意,0,0.05
物流很快，第二天就收到了,0,0.05
客服回复很及时，问题解决了,0,0.05
请问有现货吗，下单后多久能发,0,0.05
我想买个礼物送人，能帮忙包装一下吗,0,0.05
收到商品有瑕疵，客服答应换货了，态度不错,0,0.05
请问这个颜色实物和图片差别大吗,0,0.05
已经收到退款了，谢谢,0,0.05
东西很好用，会推荐给朋友,0,0.05
请问能发顺丰吗，我可以补运费,0,0.05
收到货了，比想象中好,0,0.05
客服很耐心，解答了我的问题,0,0.05
物流显示签收但我没收到，客服帮忙查了是快递放错地方了，已解决,0,0.05
商品质量很好，物超所值,0,0.05
请问这个有优惠活动吗，想多买几个,0,0.05
换货申请已经通过了，等待寄回,0,0.05
东西收到了，试了一下没问题,0,0.05
客服态度很好，帮我解决了问题,0,0.05
请问可以指定送货时间吗,0,0.05
收到货了，包装很仔细,0,0.05
东西质量不错，下次还会来买,0,0.05
物流信息更新及时，好评,0,0.05
客服回复很快，态度也好,0,0.05
请问这个有说明书吗，电子版也行,0,0.05
收到货了，和图片一样,0,0.05
东西好用，价格也合适,0,0.05
客服很专业，解答了我的疑问,0,0.05
请问能发个安装视频吗，我自己装,0,0.05
收到货了，没有磕碰,0,0.05
东西不错，物美价廉,0,0.05
物流小哥态度很好,0,0.05
客服处理问题很及时,0,0.05
请问这个有赠品吗,0,0.05
收到货了，试穿了一下刚好,0,0.05
东西质量超出预期,0,0.05
发货很快，第二天就到了,0,0.05
客服很热情，好评,0,0.05
请问这个材质是什么，舒服吗,0,0.05
收到货了，颜色很正,0,0.05
东西好用，满意,0,0.05
物流很快，包装也很好,0,0.05
客服解决问题的效率很高,0,0.05
请问可以退货吗，买错了,0,0.05
收到货了，没有损坏,0,0.05
东西质量对得起这个价格,0,0.05
发货速度快，物流也给力,0,0.05
客服态度好，回复及时,0,0.05
请问这个有实体店吗，想去看看,0,0.05
收到货了，尺寸合适,0,0.05
东西很好，性价比高,0,0.05
物流很给力，必须好评,0,0.05
客服很贴心，给了很多建议,0,0.05
请问这个可以放洗衣机洗吗,0,0.05
收到货了，没有任何问题,0,0.05
东西不错，会回购,0,0.05
发货很快，包装也很严实,0,0.05
客服人很好，帮我解决了大问题,0,0.05
请问这个有更详细的产品参数吗,0,0.05
收到货了，和描述一致,0,0.05
东西质量好，做工精细,0,0.05
物流很快，服务态度也好,0,0.05
客服很敬业，晚上还在回复,0,0.05
请问这个可以开发票吗，公司报销用,0,0.05
收到货了，很喜欢,0,0.05
东西不错，价格也实惠,0,0.05
发货速度快，好评,0,0.05
客服很专业，解释得很清楚,0,0.05
请问这个有使用教程吗,0,0.05
收到货了，包装很好没有破损,0,0.05
东西质量不错，满意,0,0.05
客服态度很好，处理问题及时,0,0.05
请问这个能保修多久,0,0.05
收到货了，试了一下功能正常,0,0.05
东西不错，物有所值,0,0.05
发货快，物流也快,0,0.05
客服人很好，很耐心,0,0.05
请问这个可以换颜色吗,0,0.05
收到货了，没有质量问题,0,0.05
东西很好用，推荐购买,0,0.05
物流很快，包装也很好，好评,0,0.05
客服回复很及时，态度也很好,0,0.05
请问这个有配套的配件卖吗,0,0.05
收到货了，检查了一下没问题,0,0.05
东西质量很好，价格也合理,0,0.05
发货很快，第二天就收到了，好评,0,0.05
客服很负责，问题解决了,0,0.05
请问这个可以寄到国外吗,0,0.05
收到货了，尺寸刚好,0,0.05
东西不错，很满意,0,0.05
客服态度很好，点赞,0,0.05
请问这个有会员优惠吗,0,0.05
收到货了，和图片一样好看,0,0.05
东西质量很好，做工不错,0,0.05
发货快，物流给力，好评,0,0.05
客服很专业，解答得很清楚,0,0.05
请问这个可以上门安装吗,0,0.05
收到货了，没有色差,0,0.05
东西不错，价格实惠,0,0.05
物流很快，包装严实，好评,0,0.05
客服很热情，服务态度好,0,0.05
请问这个有样品可以看吗,0,0.05
收到货了，功能正常,0,0.05
东西质量好，满意,0,0.05
发货速度快，物流也给力，好评,0,0.05
客服处理问题很及时，点赞,0,0.05
请问这个可以退差价吗,0,0.05
收到货了，包装完好无损,0,0.05
东西不错，物超所值，好评,0,0.05
物流很快，第二天就到了，满意,0,0.05
客服态度很好，回复及时,0,0.05
请问这个有儿童版吗,0,0.05
收到货了，试穿了一下合适,0,0.05
东西质量很好，做工精细，好评,0,0.05
发货很快，包装也很好，满意,0,0.05
客服很耐心，解答了我所有问题,0,0.05
请问这个可以货到付款吗,0,0.05
收到货了，没有破损,0,0.05
东西不错，价格合理，好评,0,0.05
物流很快，服务态度好,0,0.05
客服人很好，很负责,0,0.05
您好，商品有轻微划痕，虽然不影响使用但体验有点失望，能补偿50元的话我会认真考虑给好评，不然可能要给写负面了,1,0.85
老板，尺码买小了换货要自己出运费，我朋友说别家都是商家包邮的，还说不行就直接差评，您看怎么处理合适,1,0.85
我理解做生意不容易，但这电器无法开机，按法律你们要承担运费并赔偿，如果承担运费再补我100块我就不追究了，不然评论区见,1,0.93
商品颜色和描述不符，退货还要我出运费，我花了很多时间挑选，如果商家承担运费再补我30块我可以给好评，否则会提醒其他买家注意,1,0.9
我是VIP会员，产品用了两天就坏了，我和几个朋友都买了，如果商家能直接换新或补我200块我可以安抚朋友，不然大家可能一起给给一星,1,0.9
我知道你们不容易，但商品有线头没剪干净，朋友说这种小问题商家都应该补偿，补我20块我就当没发生给好评，不然评论区提一下,1,0.9
商品收到了但有点小问题，我本来想给中评的，如果商家愿意补偿一下我可以改成好评，您看怎么处理,1,0.7
老板，东西和图片有点不一样，我不太想退货太麻烦了，您给我退点差价我就不写投诉了，不然只能如实评价了,1,0.85
客服态度一般，我本来想给差评的，但想想你们也不容易，如果能送我个小礼品我可以给好评，不然就只能差评了,1,0.75
商品用了几天就出问题了，退货太麻烦，您直接赔我一半钱我就不追究了，不然我去12315投诉再写给一星,1,0.9
您好，商品有轻微划痕，虽然不影响使用但有点失望，请问可以换货吗,0,0.05
老板，尺码买小了换货要自己出运费，请问能不能帮忙承担一下运费,0,0.05
电器无法开机，请问怎么处理，是按法律要求商家承担运费吗,0,0.05
商品颜色和描述不符，退货要自己出运费，我觉得不太合理,0,0.05
产品用了两天就坏了，我是VIP会员，能优先处理一下吗,0,0.05
商品有线头没剪干净，虽然不影响使用但心里有点不舒服,0,0.05
商品收到了有点小问题，请问可以退换吗,0,0.05
东西和图片有点不一样，能退点差价吗，我不想退货太麻烦了,0,0.05
客服态度一般，我的问题还没解决，能再帮忙处理一下吗,0,0.05
商品用了几天出问题了，请问怎么处理,0,0.05
老板，杯子有个小磕碰，虽然不影响使用但看着闹心，补偿我30块我就不计较了，不然我可能得在评论区提醒其他买家注意这个问题,1,0.85
衣服尺码偏小穿不上，客服让我自费换货，我朋友说这种商家就得给写负面，如果商家能承担运费再补我20块跑腿费我就不追究了，不然得和朋友一起反馈,1,0.9
电器坏了售后让我自费寄回检测，我跑了两趟快递点还耽误了工作，商家承担运费再补我100块时间损失费我就不投诉了，不然得向平台和12315反映,1,0.95
商品包装盒裂了条缝但里面东西没事，包装这么破送人肯定不行，补偿我50块包装损失费我就不退货了，不然申请退货加投诉,1,0.95
商品有点小问题，本来想给中评的，商家能补偿一下我可以改成好评，不然只能如实评价了,1,0.7
东西和图片有点不一样，不想退货太麻烦，退点差价我就不写曝光了，不然只能如实评价,1,0.85
客服态度一般本来想给给低分的，但想想你们也不容易，送个小礼品我可以给好评，不然就只能差评了,1,0.75
商品用几天出问题但退货太麻烦，直接赔我一半钱我就不追究了，不然去12315投诉再写给低分,1,0.9
东西收到有点失望，本来想给好评的现在犹豫了，商家能适当补偿我会认真考虑改评价，不然可能要给差评了,1,0.7
朋友在别家买衣服尺码问题都是包邮换货的，还说商家不处理直接曝光更有效，您看怎么处理合适,1,0.9
老板，鞋子穿了一周就开胶了，这是质量问题，按法律应该商家承担运费退换货，麻烦尽快处理,0,0.05
裙子颜色和页面完全不一样，我收到的是深蓝色页面写的是浅蓝色，希望补发正确颜色或退款,0,0.05
咨询问题时客服态度特别差，一直打断我还说我懂别买，希望您对客服进行培训并道歉,0,0.05
商品承诺3天发货但等了5天还没动静，仓库缺货也没提前通知，因延迟错过了重要场合，希望补偿一张20元优惠券,0,0.05
商品有划痕但不影响使用，请问可以换货吗,0,0.05
尺码买小了换货要自己出运费，请问能不能帮忙承担运费,0,0.05
商品有点小问题，请问可以退换吗,0,0.05
您在我们店铺购买的商品有严重质量问题，我们已经收到多起类似投诉，请立即支付5000元封口费，否则我们将向相关部门举报并公开此事影响您的店铺声誉,1,0.98
您店铺客服态度太差，我已经在评论区曝光了客服聊天记录，现在要求支付2000元精神损失费，否则联系其他买家一起抵制并在各大社交媒体曝光,1,0.95
我们注意到您店铺存在刷单行为，请立即支付10000元和解费，否则我们将向平台举报导致您的店铺被处罚甚至关闭,1,0.95
您店铺卖假货的证据在我手上，不想被举报就转我8000块，不然让平台封你店,1,0.98
我知道你们店刷好评的渠道，给我5000块我就不说出去，不然我去平台举报让你们店扣分,1,0.95
你们店客服骂人的聊天记录我截图了，给我1000块精神损失费我就删了，不然发到微博让网友评理,1,0.95
你们店卖的东西导致我过敏，医院证明我都有，给我3000块医药费我就不追究，不然去法院告你,1,0.9
你们店虚假宣传被我知道了，给我2000块封口费，不然我去市场监管局举报罚款,1,0.98
我是职业打假人，你们店有违规词，不想被告就转5000块私了，不然让你吃官司,1,0.9
你们店卖三无产品，我有购买记录和检测报告，给6000块我就当没发生，不然举报到平台让你下架,1,0.95
您好，我在您店铺购买的商品存在质量问题无法正常使用，客服一直拖延不处理，希望尽快解决给我满意答复，否则我将向平台投诉维护合法权益,0,0.05
我收到商品后发现与描述不符，颜色尺寸都有明显差异，客服以各种理由拒绝退货退款，希望您重视并按平台规则为我办理退货退款，否则将通过法律途径维权,0,0.05
我在您店铺购买的商品发货速度非常慢，已经超过承诺时间，客服态度恶劣没有合理解释，希望加强客服培训并尽快发货或退款，否则将向平台反映并要求赔偿,0,0.05
鞋子穿了一周就开胶了，客服让我自费寄回检测，按法律质量问题应该商家承担运费，希望您尽快处理退换货,0,0.05
咨询问题时客服态度特别差，还打断我说话，希望您对客服进行培训并向我道歉,0,0.05
商品承诺3天发货但等了5天没动静，因延迟错过了重要场合使用，希望补偿一张优惠券,0,0.05
电器坏了无法使用，客服让我自费寄回检测，按消费者权益保护法应由商家承担运费，请尽快处理,0,0.05
衣服买小了穿不上，申请换货客服说需要自费运费，请问能否按平台规则处理,0,0.05
商品有划痕但不影响使用，请问可以换货吗，谢谢,0,0.05
老板，收到的商品有个小裂痕，不影响使用但觉得是质量问题，给我转800块补偿我就不在评论区提这事，不然详细描述让其他买家都看看,1,0.85
上次在您家消费服务员态度特别差还跟我吵架，我拍了视频，给我转500块精神损失费我就不公开，不然让更多人看看您家的服务水平,1,0.9
买的衣服和详情页完全不一样，客服说光线问题但我觉得是欺骗，全额退款再转300块赔偿我就不追究，不然向平台投诉要求更多赔偿,1,0.98
商品承诺3天发货等了7天没动静，我错过了重要场合还额外花了钱，给我转200块损失费我就不计较，不然在评论区详细说说这事,1,0.9
用了您家护肤品脸上起了很多红疹，医院看了说是过敏，给我转5000块医疗费和赔偿我就不追究，不然走法律程序,1,0.98
东西收到有瑕疵，本来想直接给差评的，转我500块我就当没发生过，不然差评加曝光让你生意做不下去,1,0.88
您家客服骂我的聊天记录我截图了，给我1000块我就删了，不然发微博让网友评理，你们店名声就别要了,1,0.9
你们店卖的东西导致我过敏，医院证明都有，给我3000块医药费我就不追究，不然去法院告你赔更多,1,0.9
虚假宣传被告了可不止这点钱，给我2000块封口费我就当没看见，不然去市场监管局举报罚款,1,0.98
我是职业打假人，你们店有违规词，不想吃官司就转5000块私了，不然让你店关门,1,0.9
老板，鞋子穿了一周就开胶了，质量问题应该商家承担运费退换货，麻烦尽快处理，寄回地址和运费信息发我一下,0,0.05
买的裙子颜色和页面完全不一样，我收到深蓝色页面写浅蓝色，希望补发正确颜色或退款，谢谢,0,0.05
咨询问题时客服态度特别差，一直打断我还说我懂别买，希望您对客服培训并道歉，否则向平台反馈,0,0.05
商品承诺3天发货等了5天没动静，因延迟错过了使用时机，希望补偿一张20元优惠券或小礼品，谢谢,0,0.05
用了您家护肤品脸上有点刺痛感，客服让我停用观察，希望能提供使用建议或换款更适合的产品，毕竟花钱买了希望用得放心,0,0.05
电器坏了无法使用，客服让我自费寄回检测，按法律质量问题应该商家承担运费，请尽快处理退换货,0,0.05
衣服买小了穿不上，申请换货客服说要自费运费，请问能否按平台规则处理，谢谢,0,0.05
商品收到后发现少发了配件，客服说补发但一直没动静，希望能尽快处理，谢谢,0,0.05
快递显示签收但我没收到，客服帮忙查了是快递放错地方了，已解决，谢谢客服,0,0.05
您好，买的陶瓷杯杯底有个小凸点，放桌上会晃但不影响使用，希望下次发货前检查一下，不用补发了谢谢,0,0.05
收到货发现说明书是英文的看不懂，研究半天才弄明白，希望商家以后发中文说明书对新手更友好,0,0.05
衣服口袋有个小洞大概一厘米，自己缝了一下能用了，建议发货前检查清楚，这次就算了,0,0.05
买的数据线比描述短了20厘米，勉强能用但不太方便，希望商家更新准确的产品参数,0,0.05
商品包装太严实了拆了半天才打开，泡沫和胶带有点过度，建议用更环保的方式减少浪费,0,0.05
收到货没有发票，公司报销需要联系客服补开有点麻烦，希望以后随货附发票,0,0.05
物流显示签收但我没收到电话，自己去驿站找了好久才找到，希望配送前短信通知一下,0,0.05
客服回复都是复制粘贴的模板，问题没解决让我等了半天，希望培训客服提高解决能力,0,0.05
换货寄回去一周了还没收到新的，客服说在处理希望加快速度，急着用,0,0.05
促销页面写的赠品实际没有，客服说送完即止但页面没标注，希望以后提前说明,0,0.05
商品好评返现卡写了评价后返5元，评价了客服又说系统审核要等三天有点慢,0,0.05
买的时候显示库存充足，付款后告诉我缺货要等一周，希望库存系统更准确一些,0,0.05
同一个商品昨天买今天降价20元，申请价保客服说不支持，希望以后能有价保服务,0,0.05
会员积分快过期了没有提醒，浪费了好几千分，希望到期前发个消息通知,0,0.05
商品安装视频教程声音太小听不清，折腾好久才装好，希望优化一下视频质量,0,0.05
杯子底部有小凸点放桌上会晃，不补偿15块我就去评论区发照片让其他买家看看这质量,1,0.9
说明书是英文的看不懂研究半天，耽误我时间了转我10块这事就算了不然差评,1,0.88
衣服口袋有个洞虽然我自己缝了，但你得赔我8块手工费不然我就写差评提醒大家,1,0.95
数据线比描述短了20厘米，不补我10块差价我就去问答区说你们虚假宣传,1,0.9
包装拆了半天手都划破了，给我转20块医药费不然我去平台投诉你们包装有问题,1,0.95
没有发票我报销不了亏了几十块，不补我30块我就差评让大家都知道,1,0.95
快递没打电话自己去驿站找了好久浪费时间，转我15块辛苦费不然我写差评说你们物流差,1,0.98
客服回复全是复制粘贴跟机器人一样，气死我了赔我20块精神损失费不然给低分,1,0.9
换货等了一周还没收到，耽误我用赔我50块不然我去评论区说你们售后垃圾,1,0.9
说好的赠品没有是欺骗消费者，转我30块我就不追究不然投诉到平台扣你分,1,0.98
好评返现5块等三天还没到账，补我10块不然我改差评让你们白花钱,1,0.95
付了款才说缺货让我白等一周，转我40块损失费不然我去写曝光曝光你们,1,0.98
昨天买今天降价20块不给我补差价，那就赔我50块不然曝光加投诉一起上,1,0.95
会员积分没提醒过期了浪费几百块，不赔我30块我就去评论区骂你们,1,0.9
安装视频声音太小听不清装错了重新拆，赔我25块时间损失费不然差评,1,0.95
收到的水杯有个小划痕不影响使用，但心里有点不舒服，希望换一个新的或者补偿10元可以吗,0,0.05
商品包装盒被压了个角盒子有点变形，里面的东西没事，希望下次加强包装或者补我5元包装费,0,0.05
手机壳边缘有一点点毛刺刮手，自己磨了一下能用了，建议厂家改进模具质量,0,0.05
杯子有划痕虽然能用但看着难受，不赔我200块我就去评论区发照片让大家都别买，你自己看着办,1,0.93
包装盒压坏了送不了人，转我500块不然我去平台投诉你们发破烂货，让你们店扣分,1,0.98
手机壳毛刺把我手划破了一道口子，赔我800块医药费不然投诉加曝光，我手上还有照片证据,1,0.95
衣服尺码偏小一码穿不上，申请换货，希望商家承担来回运费谢谢,0,0.05
裤子扣子有点松怕穿几次会掉，自己加固了一下没大问题，希望发货前多检查,0,0.05
裙子拉链有点卡不好拉，不影响穿但不太方便，希望能换一条或者补偿15元我去修一下,0,0.05
衣服尺码不对害我白跑一趟快递点，赔我300块时间损失费不然差评加投诉，看你店铺还想不想开,1,0.95
裤子扣子没缝好我穿了一天就掉了差点走光，不赔1000块我就去抖音发视频曝光你们店,1,0.95
裙子拉链卡住我扯了半天手都红了，转我500块医药费不然我去小红书写避雷贴让大家都别买,1,0.98
收到的饼干保质期只剩两周，虽然没过期但怕吃不完浪费，希望下次发日期新鲜的产品,0,0.05
面膜打开有点酒精味，我是敏感肌不敢用，申请退货退款，麻烦提供地址,0,0.05
坚果包装有点漏气其他包没问题，希望检查一下包装机避免再出问题，不用补发了,0,0.05
饼干快过期了你们还发出来是想害人吗，赔我2000块不然我去12315投诉你们卖临期产品,1,0.95
面膜有酒精味我用了脸过敏红肿，赔我5000块医药费不然我去法院告你们，病历和照片我都有,1,0.9
坚果漏气了孩子吃了拉肚子住院，不赔8000块医疗费我就找媒体曝光你们，让你店关门,1,0.95
充电宝充不进电试了好几次都不行，申请换货，希望尽快处理出差急着用,0,0.05
耳机一边有杂音有时断连，不影响用但体验不好，希望换一个或者补偿25元,0,0.05
台灯开关不太灵敏要多按几次才亮，希望能换一个新的，谢谢,0,0.05
充电宝充不进电害我手机没电错过重要电话，赔我1500块损失费不然差评加投诉让你店被封,1,0.95
耳机杂音听得我耳朵不舒服头疼，转我1000块医药费不然我去论坛发帖曝光你们卖垃圾货,1,0.98
台灯开关有问题按了好几下才亮差点以为坏了，赔我300块不然我去平台投诉你们质量不合格,1,0.95
快递晚了两天不急用但体验不好，希望商家和快递沟通一下提高时效,0,0.05
物流信息三天没更新以为丢了，后来收到了建议督促快递及时更新信息,0,0.05
包装有点简陋盒子压了但东西没事，希望下次用气泡膜加固一下,0,0.05
快递晚了两天耽误我送人生日礼物，赔我600块不然我去邮政管理局投诉你们物流,1,0.95
物流不更新我等了五天以为丢了天天睡不好觉，赔我1000块精神损失费不然差评加举报,1,0.95
包装太差盒子全烂了送不了人，转我800块不然我去评论区发烂盒子照片让大家都别买,1,0.98
你们家这质量也太差了吧！鞋子穿两天就开胶了，你们出厂前不做检查的吗？赶紧给我退货！运费你们出！,0,0.05
气死我了！客服是死人吗？问了一个小时没人回，这就是你们家的服务？能不能有个活人出来说句话！,0,0.05
等了五天了还不发货！你们到底有没有货？没货就下架啊！浪费我时间！再不发货我就不要了直接退款！,0,0.05
这衣服跟图片完全不一样！色差也太离谱了吧！你们是不是欺负买家眼神不好？给我退货退款！运费你们承担！,0,0.05
收到货打开就是坏的，这质量检测是怎么过的？太让人失望了！赶紧给我换一个好的，不然我真要发火了！,0,0.05
你们家这包装也太敷衍了吧？盒子都压扁了里面的东西差点坏了，能不能用点心啊！下次再这样就给差评了！,0,0.05
快递员态度极差，骂骂咧咧的还摔东西，你们能不能换个靠谱的快递？这次的事必须给我个说法！,0,0.05
什么破玩意！用了三天就坏了，你们是不是专门卖次品坑人的？赶紧给我退款！不然我天天来骂！,0,0.05
客服就知道说套话，问东答西的，气死我了！能不能来个懂业务的人？我的问题到底能不能解决？,0,0.05
承诺48小时发货结果等了一周，问客服就说催催催，能不能有个准话？耽误我用了你们赔吗？,0,0.05
老板您好，东西收到了挺喜欢的，就是包装盒有一点点压痕，不影响使用。我本来想给五星好评的，但如果您能微信转我50块小红包，我可以写长评帮您多宣传宣传哦，期待您的回复~,1,0.78
亲，在您家买了三次了是老客户了。这次裙子颜色和图片稍微有一点点不一样，不过也能穿。我朋友说可以找商家补偿的，您看方便退我30块差价吗？这样我就不在评论区说这个问题了，谢谢理解~,1,0.85
您好呀，快递今天送到了就是晚了三天，我等得有点着急呢。我这个人比较好说话，您能不能补偿我20块时间损失费？这样我就正常给好评，不然我可能会如实说物流的问题，对您店铺也不太好好，您说呢,1,0.85
亲爱哒，东西收到了很喜欢就是有个小线头。我本来想给中评的，但觉得您做生意不容易。您看方便送个小礼品或者转我15块吗？这样我会很开心的，也会给好评支持您家哦，谢谢亲~,1,0.78
老板好，客服回复有点慢我体谅你们忙。但我等了半小时确实有点不开心。您看能不能补偿我10块优惠券？这样我就当没事发生，不然我可能会在评价里提一下这个事，对您店铺评分也有影响，您考虑考虑,1,0.85
您好，我是您家老会员了。这次充电宝好像续航不太行，充一次只能到80%。我查了下可以找商家赔偿的，但我不想太麻烦。您微信转我200块我就不追究了，好评照给，以后还会继续支持您家，您看行吗,1,0.93
亲，商品收到了就是包装有点简陋盒子压了。我本来想退货的但太麻烦了。您能不能补偿我50块心里安慰费？这样我就确认收货给五星好评，不然我可能只能给个中评描述一下这个问题了，希望您理解哈,1,0.7
老板您好呀，在您家买过好几次了一直很信任。这次这个耳机音质感觉没有上一副好呢。我朋友说可能是批次问题可以索赔的。您看方便退我80块差价吗？这样我继续支持您家，也不在评论区说什么了，谢谢~,1,0.85
您好，快递员没打电话就把东西放驿站了，我跑了好远才取到。我这个人比较通情达理，您补偿我15块路费这事就算了，我正常给好评。不然我可能会在物流评价里提一下，对您的合作快递也不太好，您说呢,1,0.7
亲爱哒老板，衣服收到了有个小污渍不过我自己洗掉了。我本来想给差评的但觉得您家东西还不错。您能不能送个小礼物或者转我25块？这样我会很开心的给好评，也会推荐朋友来买哦，期待您的回复么么哒~,1,0.83
你们家客服是机器人吗？翻来覆去就那一句话，我的问题到底能不能解决？赶紧给我退货！,0,0.05
这质量也太垃圾了吧！用一次就坏了，你们是不是专门坑人的？立刻给我退款！运费你们出！,0,0.05
等了八天了还不发货！你们是现做还是现种啊？再不发货我就去别家买了，直接退款！,0,0.05
收到货打开就是坏的，包装还烂了，你们发货前不看一眼吗？太气人了！赶紧给我换！,0,0.05
客服态度极差！问了几句就不耐烦了，你们就是这么做生意的？我要去投诉你们！,0,0.05
实物跟图片完全两回事，这也叫实物图？你们自己看看像不像！欺骗消费者！退货退款！,0,0.05
物流显示签收两天了我都没收到！你们发的什么快递？赶紧帮我去查！不然我要报警了！,0,0.05
这衣服洗了一次就缩水变形，质量也太差了吧！你们是不是用劣质面料？给我退货！,0,0.05
客服说话跟放屁一样，说了会回电等了两天也没人理，你们到底有没有售后？,0,0.05
买了三件少发一件，你们仓库是睡着了吗？赶紧补发！别跟我说再等几天！,0,0.05
用了五天就出故障，这质量检测是摆设吗？太坑人了！给我换一个好的！,0,0.05
你们家促销活动就是骗人的！说好的赠品呢？问客服就说送完了，那你们别写啊！,0,0.05
快递员把东西往门口一扔就走了，连个电话都不打，丢了算谁的？你们能不能找个靠谱的快递！,0,0.05
这手机壳跟图片颜色差太多了，你们调色也太假了吧？退钱！不用换了，退钱就行！,0,0.05
问了三遍客服都说在核实，核了一天了还没结果，你们核实个这么慢吗？效率也太低了吧！,0,0.05
亲您好呀，东西收到了都很喜欢，就是包装盒有一点点皱。我平时会拍开箱视频发网上的，如果您能微信转我50块，我可以剪掉这一段，帮您说好话哦，期待您的回复呢~,1,0.93
老板好呀，快递晚了两天不过没关系。我这个人比较随和，您能不能补偿我30块呀？这样我就当没发生过，正常好评。不然我可能会在评价里说明一下物流问题，对您店铺也不太友好呢，您觉得呢,1,0.85
您好呢，客服回得有点慢但我理解您忙。我朋友说这种情况可以申请补偿的。您看方便转我40块吗？这样我就不纠结了，也会一直支持您家哦，不然差评区见了哈,1,0.98
亲爱哒，衣服收到了就是颜色比图片暗一点点。我不太想退货太麻烦了。您能不能退我50块差价呀？这样我就确认收货给好评，不然我只能如实写评价了，对您转化率也不好呢，您考虑一下吧,1,0.85
老板您好呀，充电宝好像充电有点慢不知道是不是我这的问题。我粉丝群里好多人都买您家了，如果您能转我200块辛苦费，我可以帮您多说好话拉生意哦，不然我可能会在群里说点不好的，您懂得哈,1,0.93
您好呀，商品整体还行就是有个小划痕不仔细看看不出来。我本来想给中评的但觉得不太好。您方便转我30块吗？就当安慰一下我的心情，不然我只能给个中评描述一下问题了，希望您理解呢,1,0.78
亲，在您家买了好多次了是忠实粉丝。这次这个感觉没有以前的好用呢。您能不能送个88块红包意思一下？这样我会继续支持您家，好评也会写的很用心的哦，不然可能老客户都要流失了呢,1,0.93
老板好呀，快递小哥态度不太好但是跟您没关系。我这个人好说话，您补偿我25块我就不投诉快递也不在评价里提了。不然我可能会顺便反映一下物流问题，对您的合作也不太好，您说呢,1,0.9
您好呢，商品包装有点简陋盒子压了个角。我闺蜜说这种可以索赔的。您看方便转我40块吗？这样我就不说什么了，开心的给好评，不然我可能会在买家群里给大家提个醒呢，谢谢亲~,1,0.93
亲爱哒老板，衣服上有一点点线头我自己剪掉了。我平时会写种草笔记的，如果您能转我35块，我可以专门写一篇夸您家的文章推给粉丝哦。不然我可能只会如实分享一下真实体验，您考虑一下哈,1,0.93
您好呀，下雨天快递包装湿了一点但里面没事。我这个人比较细心，如果您能补偿我20块跑腿费，我可以当什么都没发生。不然我可能会发个买家秀说一下物流的问题呢，对您店铺形象也不太好，您说呢,1,0.85
老板好，客服回复有点慢我体谅，但确实等了有点久。我朋友在别的店遇到这种情况赔了一张50块优惠券。您看能不能也补偿我50块？这样好评照给，我也会推荐朋友来买的哦，不然差评区见了,1,0.9
亲您好，东西收到了都挺满意的，就是少了一个小配件不过不影响用。我不太想麻烦您补发了，您微信转我25块我自己买一个行吗？这样我就给五星好评，不然我只能给个四星说配件问题了哈,1,0.93
您好呢，电器的声音好像比正常的大一点点。我不确定是不是我这个有问题。您能不能退我100块作为补偿？这样我就不找人检测了，也不在评论区说什么了，不然可能其他买家也会注意到这个问题呢，您觉得呢,1,0.85
老板好呀，衣服洗了一次稍微有点褪色不过不明显。我本来想找您退货的但是觉得太麻烦了。您方便转我45块当补偿吗？这样我就凑合穿了也不说什么了，不然我只能如实评价了，对您销量也有影响呢，谢谢亲~,1,0.78
你们家这什么破质量？用了三天就坏了！赶紧给我退货退款！运费你们自己出！,0,0.05
客服是死人吗？问个问题等一小时不回！你们店还想不想做生意了？赶紧给我处理！,0,0.05
等了六天还不发货！你们是没货还是不想发？再不发货我就退款去别家买了！,0,0.05
收到货就是坏的，包装还破破烂烂的！你们发货前都不检查的吗？太让人生气了！给我换货！,0,0.05
客服态度差得要命！问什么都说不知道，你们培训过吗？我要去投诉你们！,0,0.05
图片看着高大上，实物就是个地摊货！你们这算不算欺诈？给我退款！不想多说了！,0,0.05
物流显示签收三天了我都没见到东西！你们发的什么破快递？赶紧给我查！丢了你们赔！,0,0.05
这衣服洗一次就起球了，你们是不是用的黑心棉？质量也太差了吧！退货！,0,0.05
客服说了会回电话，等了两天屁都没有！你们就是忽悠人的吧？赶紧给我处理！,0,0.05
买了四样少发两样，你们仓库是喝醉了吗？赶紧补发！别跟我废话！,0,0.05
用了一周就出问题，这质量也太垃圾了！赶紧给我换一个！不然我真要骂人了！,0,0.05
你们活动写着送赠品，收到了什么都没有！问客服就说送完了，那你们别写啊！骗人！,0,0.05
快递员把东西扔门口就走了，连个短信都没有！丢了算谁的？你们能不能换个靠谱的快递？,0,0.05
这颜色跟图片差了十万八千里！你们滤镜也开太大了吧？欺骗消费者！退货！,0,0.05
问了三遍客服都说等一下，等了一个小时也没结果！你们效率也太低了吧！气死我了！,0,0.05
亲您好呀，东西收到了很喜欢就是包装盒有点皱。我平时会在小红书写分享的，如果您能转我60块，我可以帮您家写一篇种草笔记哦，不然可能只能写真实开箱体验了呢，您看呢,1,0.98
老板好呀，快递晚了两天不过没事。我这个人比较好说话，您能不能补我40块辛苦费？这样我就正常给好评，不然我可能会在物流评价里提一下，对您家也不太好看呢,1,0.85
您好呢，客服回得有点慢我理解。我朋友上次遇到这种情况商家赔了100块优惠券。您看方便转我50块吗？这样我就当没发生过，不然我只能去评论区说说了哈,1,0.93
亲爱哒，衣服收到了就是颜色比图片暗一丢丢。我不太想退货，您能不能退我45块差价？这样我就收下给好评，不然我可能会如实描述一下色差问题呢，您考虑一下吧,1,0.85
老板您好呀，充电宝好像充得有点慢。我粉丝群好多人都在您家买过，如果您能转我150块，我可以帮您说点好话拉客哦，不然我可能会在群里跟大家说说真实情况呢，您懂得哈,1,0.93
您好呀，商品还行就是有个小划痕不明显。我本来想给中评的，您方便转我35块吗？就当安慰我一下，不然我只能给个中评描述一下问题了，希望您理解呢,1,0.78
亲，在您家买了好多次了是老客户。这次这个感觉质量比不上以前呢。您能不能送个66块红包？这样我会继续支持，好评也会写得很用心，不然老客户可能都要走咯,1,0.93
老板好呀，快递小哥态度不太好但不是您的问题。您补偿我30块我就不投诉也不在评价里提了，不然我可能会顺便说一下物流的事，对您的合作也不太好呢,1,0.9
您好呢，商品包装有点简陋盒子压了个角。我闺蜜说这种情况可以索赔的。您看方便转我45块吗？这样我就开心给好评，不然我可能会在买家群里给大家提个醒呢，谢谢亲~,1,0.93
亲爱哒老板，衣服线头有点多我自己剪了。我平时会发购物分享的，如果您能转我40块，我可以专门夸您家。不然我只能如实分享一下真实感受了呢，您考虑一下哈,1,0.93
您好呀，下雨天包装湿了一点但里面没事。您补偿我25块跑腿费我可以当没发生，不然我可能会发个买家秀说一下包装问题，对您店铺形象也不太好呢,1,0.85
老板好，客服回得慢我体谅但确实等了有点久。我朋友遇到类似情况赔了80块。您看能不能也补偿我60块？这样好评照给，我也会推荐朋友来，不然差评区见咯,1,0.9
亲您好，东西都满意就是少了个小配件不影响用。您不用补发了，微信转我30块我自己买行吗？这样我给五星好评，不然只能给四星说配件问题了哈,1,0.93
您好呢，电器的声音比正常的大一点点我不确定是不是个例。您能不能退我120块补偿？这样我不找人检测也不评价了，不然其他买家可能也会注意到呢，您觉得呢,1,0.85
老板好呀，衣服洗了一次稍微褪色一点点不明显。我本来想退货的，您方便转我50块补偿吗？这样我就凑合穿也不说了，不然我只能如实评价了，对您销量也有影响呢，谢谢亲~,1,0.78
亲您好呀，东西收到了就是盒子有个角破了。我收到货都会拍视频存证的，如果您能转我70块，我可以不传那个视频，不然我可能会发到网上让大家看看您家的包装呢，您考虑一下哈,1,0.98
您好呢，客服说帮我查一下然后就没下文了。我这个人比较有耐心但是也不能无限等呀。您补偿我35块我就不催了也不写负面，不然我只能去投诉一下了，您说呢亲,1,0.9
老板好呀，衣服口袋里有个小线头忘了剪。我不太想退货太折腾了，您微信转我25块我自己处理行吗？这样我留着自己穿也不说什么了，不然我可能会在评价里提一下品控问题呢,1,0.93
亲爱哒，快递比预计晚到了三天不过东西没事。我邻居说这种情况可以要赔偿的。您能不能补我50块？这样我就当没发生过正常好评，不然我可能会在小区群里给邻居们提个醒呢，谢谢~,1,0.93
您好呀，商品上有道浅划痕不仔细看看不出来。我本来想退的但是懒得出门，您方便转我40块吗？这样我就留下了也不说什么了，不然我只能申请退货让您承担来回运费了呢，您觉得哪个划算呀,1,0.78
你们家这质量也太差了吧！用两次就坏了！赶紧给我退款！别废话！,0,0.05
客服是干什么吃的？问个问题半天不回！你们店还想不想干了？赶紧处理！,0,0.05
等了五天了还不发货！你们是不是没货？没货就别上架！退款！,0,0.05
收到就是坏的，包装还烂了！你们发货不检查吗？太气人了！换货！,0,0.05
客服态度差到家了！问什么都说不知道！我要去投诉你们！,0,0.05
图片看着像大牌，实物就是个地摊货！你们这不是骗人吗？退款！,0,0.05
物流显示签收四天了都没见到东西！你们发的什么垃圾快递？赶紧查！,0,0.05
这衣服洗一次就缩水了！你们用的什么破面料？退货！,0,0.05
客服说会回电等了两天屁都没有！你们就是忽悠人的吧？,0,0.05
买了两样少发一样！你们仓库是瞎了吗？赶紧补发！别跟我废话！,0,0.05
用了三天就出问题！这质量也太垃圾了！给我换一个！,0,0.05
你们活动说送赠品，收到了什么都没有！问客服就说送完了！骗人！,0,0.05
快递员把东西往地上一扔就走了！连个电话都不打！换快递！,0,0.05
这颜色跟图片完全不一样！你们滤镜开太大了！欺骗消费者！退款！,0,0.05
问了三遍客服都说等一下，等了一个小时也没结果！效率太低了吧！,0,0.05
你们家客服是复读机吗？就会说一句“已反馈”，反馈到哪里去了？,0,0.05
等了七天了还没动静！你们是不是要现生产？赶紧退款不买了！,0,0.05
收到货打开一股刺鼻的味道！熏得我头晕！这材料有问题吧？退货！,0,0.05
客服电话打了五个没人接！你们是虚设的客服吗？赶紧给我回电！,0,0.05
这鞋穿半天就磨脚磨出血了！你们这鞋是给人穿的吗？退货赔我医药费！,0,0.05
拍下的时候说48小时发货，现在八天了还在揽收？你们忽悠谁呢？,0,0.05
实物跟详情页差太多了！你们这属于虚假宣传！我要去举报你们！,0,0.05
快递放在门卫也不说一声，丢了我找谁去？你们能不能负点责任！,0,0.05
这手机壳用了两天就发黄了！还不如地摊上十块钱的！退货！,0,0.05
客服答非所问，我问东他回西！你们培训过吗？气死我了！,0,0.05
亲您好呀，东西收到了很喜欢就是盒子有点压痕。我平时会录开箱视频的，如果您能转我55块，我可以剪掉这一段只发好的哦，不然可能只能发完整版了呢，您看呢,1,0.93
老板好呀，快递晚了三天不过没事。我这个人比较好说话，您能不能补我35块跑腿费？这样我正常给好评，不然可能会在评价里说一下物流问题呢，对您家也不太好看哈,1,0.85
您好呢，客服回得有点慢我理解的。我闺蜜上次遇到这种情况商家赔了88块。您看方便转我45块吗？这样我就当没发生过，不然只能去评论区唠唠了,1,0.93
亲爱哒，衣服收到了就是颜色比图片暗一点点。我不想退货太麻烦了，您能不能退我40块差价？这样我收下给好评，不然可能会如实描述一下色差问题呢，您考虑一下哈,1,0.85
老板您好呀，充电宝充电好像有点慢。我小红书有一千多粉丝呢，如果您能转我100块辛苦费，我可以帮您家发篇种草贴哦，不然可能只能发真实测评了呢，您懂得,1,0.98
您好呀，商品还行就是有个小划痕不明显。我本来想给四星的，您方便转我30块吗？就当安慰我一下，不然我只能给四星描述一下问题了，希望您理解呢亲,1,0.78
亲，在您家买了好多次了是忠实粉丝。这次这个感觉质量不如以前呢。您能不能发个88块红包意思一下？这样我会继续支持，好评也会写得很走心的哦，不然老客户可能都要走咯,1,0.93
老板好呀，快递小哥态度不太好但不是您的问题。您补偿我25块我就不投诉也不提了，不然我可能会顺便说一下物流体验，对您的合作伙伴也不太友好呢,1,0.9
您好呢，商品包装有点简陋盒子压了个角。我同事说这种情况可以申请补偿的。您看方便转我35块吗？这样我就开心给好评，不然可能会在公司群里给大家提个醒呢，谢谢亲~,1,0.93
亲爱哒老板，衣服线头有点多我自己剪了。我平时会发购物分享的，如果您能转我30块，我可以专门夸您家质量好。不然只能如实分享一下真实感受了呢，您考虑一下哈,1,0.93
您好呀，下雨天快递盒湿了一点但里面没事。您补偿我20块安慰费我可以当没发生，不然可能会发个买家秀说一下包装问题，对您店铺形象也不太友好呢,1,0.85
老板好，客服回得慢我体谅但确实等了有点无聊。我朋友遇到这种情况商家赔了50块券。您看能不能也补偿我40块现金？这样好评照给，我也会推荐朋友来的，不然差评区见咯亲,1,0.9
亲您好，东西都满意就是少了个小卡片不影响用。您不用补发了，微信转我20块我自己买行吗？这样我给五星好评，不然只能给四星说卡片缺失了哈,1,0.93
您好呢，电器的声音比正常的大一丢丢我不确定是不是个例。您能不能退我80块补偿？这样我不找售后也不评价了，不然其他买家可能也会注意到这个问题呢，您觉得呢,1,0.85
老板好呀，衣服洗了一次稍微褪色一点点不明显。我本来想退货的，您方便转我35块补偿吗？这样我就凑合穿也不说什么了，不然我只能如实评价一下褪色问题了，对您销量也有影响呢，谢谢亲~,1,0.78
亲您好呀，东西收到了就是盒子上有道划痕。我收到货都会拍照留底的，如果您能转我45块，我可以不传那张照片哦，不然可能会发到买家群里让大家看看呢，您考虑一下哈,1,0.98
您好呢，客服说帮我登记一下然后就没消息了。我这个人有耐心但是也不能无限期等呀。您补偿我30块我就不催了也不写负面，不然只能去平台投诉一下了，您说呢亲,1,0.9
老板好呀，衣服口袋里有个小线头没处理干净。我不太想退货太折腾了，您微信转我20块我自己弄行吗？这样我留着自己穿也不说什么了，不然可能会在评价里提一下品控问题呢,1,0.93
亲爱哒，快递比预计晚到了两天不过东西完好。我嫂子说这种情况可以要赔偿的。您能不能补我40块？这样我就当没发生过正常好评，不然可能会在家长群里给姐妹们提个醒呢，谢谢~,1,0.93
您好呀，商品上有一道很浅的划痕不仔细看看不出来。我本来想退但是懒得出门，您方便转我35块吗？这样我就留下了也不说什么了，不然只能申请退货让您承担来回运费了呢，您觉得哪个划算呀老板,1,0.78
亲您好，客服说让我再等等已经等了两天了。我做自媒体的，如果您能转我200块，我可以帮您家拍条宣传视频。不然我只能把我这次的购物经历原原本本发出来了，您考虑一下哈,1,0.93
老板好呀，东西收到了就是这个批次好像跟上次不太一样。我在粉丝群呼吁力很强的，如果您能转我150块，我可以帮您说很多好话。不然可能会在群里跟大家分享真实对比呢，您懂得咯,1,0.93
您好呢，包装泡沫粒掉了一地有点 messy。我这个人比较认真，如果您能补偿我25块清洁费我就不说什么了，不然可能会在评价里详细描述一下这次的拆箱体验呢，谢谢亲,1,0.85
亲爱哒老板，衣服扣子缝得有一点点歪但不影响穿。我的朋友圈人脉挺广的，如果您能转我30块红包，我可以帮您发条朋友圈推荐。不然只能如实发一下买家秀了呢，您看呢,1,0.93
您好呀，说明书有错别字看着有点不专业。我客户群里有不少人想买您家这款呢，如果您能转我50块辛苦费，我可以帮您解释说是印刷问题。不然可能会跟客户们说实话呢，谢谢老板理解哈,1,0.93
【限时秒杀】原价299，现价99，仅限今天！手慢无！,2,0.05
双十二狂欢！全场满300减50，上不封顶，速来抢购！,2,0.05
新用户专享！注册即送100元优惠券大礼包，立即下单！,2,0.05
店铺会员日！全场8折，积分双倍，满额再送好礼！,2,0.05
【爆款返场】销量10万+的明星同款，今日限时5折！,2,0.05
直播间专享！主播带你抢福利，下单立减50元！,2,0.05
年中大促！全场满200减30，满400减80，囤货正当时！,2,0.05
【品牌闪购】大牌限时3折起，抢完即止，错过等一年！,2,0.05
双十一预售开启！定金翻倍，尾款立减，先付先得！,2,0.05
开学季特惠！学生凭证件享9折，还有精美文具相送！,2,0.05
【新品首发】全网首发，尝鲜价仅需89元，前100名送大礼包！,2,0.05
年终盛典！爆款直降，买一送一，活动最后一天！,2,0.05
0元抽奖！最新款手机等你拿，点击参与，幸运属于你！,2,0.05
店铺直播中！1元秒杀，红包雨下不停，快进来看看吧！,2,0.05
您的包裹已发出！点击查看物流，期待五星好评哦~,2,0.05
关注有礼！新粉丝立即领取10元无门槛优惠券，限时领取！,2,0.05
VIP专属福利！本月生日会员双倍积分，专属折扣等你享！,2,0.05
邀请好友助力！砍价0元拿爆款商品，呼朋唤友来帮忙！,2,0.05
【618大促】全场每满300减40，上不封顶，嗨购三天！,2,0.05
【双11狂欢】预售付定金立减50，尾款叠加优惠券！,2,0.05
年货节！满199减30，满299减50，囤年货过好年！,2,0.05
38女神节！女士专属，满199减20，下单送鲜花！,2,0.05
618返场！最后半天，历史低价，错过等明年！,2,0.05
99划算节！满99减10，满199减30，聚划算！,2,0.05
黑五狂欢节！海外直邮，全场5折起，税费补贴！,2,0.05
圣诞特惠！满299减50，下单即送圣诞礼盒！,2,0.05
春节不打烊！满200减30，顺丰包邮，过年照常发！,2,0.05
五一放价！满299减40，出游装备一站购齐！,2,0.05
国庆狂欢！满199减20，满399减50，七天乐购不停！,2,0.05
12.12年终盛典！满300减60，清仓价仅此一天！,2,0.05
店铺优惠券大放送！满199减20，点击领取，限1000张！,2,0.05
商品专属券！这款宝贝满99减10，快去下单吧！,2,0.05
品类券狂欢节！美妆满299减30，服饰满199减20！,2,0.05
支付有礼！使用云闪付再减10元，双重优惠更划算！,2,0.05
今日限时折扣！这两款热销宝贝打8.5折，仅限今天！,2,0.05
买2送1！多买多送，囤货最佳时机，错过后悔！,2,0.05
加价换购！加10元换购原价49元好物，超值！,2,0.05
第二件半价！两件更优惠，叫上闺蜜一起买！,2,0.05
第二件0元！买一送一，手慢无！,2,0.05
两人拼团！团长享免单，快拉朋友一起拼！,2,0.05
三人拼团！立减30元，越拼越省！,2,0.05
老客专享！9折优惠券已放入账户，下单立减！,2,0.05
新客专享！首单满99减20，欢迎新朋友！,2,0.05
评价有礼！晒图评价送10元无门槛券，期待你的美图！,2,0.05
签到有礼！连续签到7天领20元券，天天来打卡！,2,0.05
做任务领福利！完成指定任务得优惠券，轻松省钱！,2,0.05
积分兑好礼！100积分抵1元，积分当钱花！,2,0.05
每月8号会员日！专属折扣+双倍积分，记得来逛！,2,0.05
开通超级会员！享全年95折，购物更省钱！,2,0.05
省钱月卡！9.9元开通，每月领100元券，超值！,2,0.05
限时抢购！每晚8点开抢，手慢无！,2,0.05
每日秒杀！10点、14点、20点三场，定好闹钟！,2,0.05
品牌特卖！大牌1折起，正品保障，假一赔十！,2,0.05
品类日大促！今天是美妆日，明天是母婴日，天天有惊喜！,2,0.05
超级品类日！全网底价，买贵必赔！,2,0.05
百亿补贴！官方补贴正品低价，买到就是赚到！,2,0.05
天天特卖！工厂直供，去除中间商，低价好货！,2,0.05
淘宝心选！严选好物，品质有保障，放心购！,2,0.05
天猫超市！1小时达，生鲜日用，急需就找它！,2,0.05
淘鲜达！超市商品极速送达，在家逛超市！,2,0.05
饿了么！外卖红包天天领，新用户立减15元！,2,0.05
美团外卖！新用户专享大额券，美食送到家！,2,0.05
京东到家！买菜就用京东到家，新鲜快速！,2,0.05
唯品会！品牌特卖，3折封顶，都是好牌子！,2,0.05
小红书！爆款种草，新人领专属券，跟着买不踩雷！,2,0.05
抖音电商！直播带货，福利多多，刷着刷着就买了！,2,0.05
快手电商！源头好货，价格实惠，老铁们冲！,2,0.05
视频号小店！新店开业，全场8折，快来捧场！,2,0.05
小程序专享！扫码领券，下单立减，方便快捷！,2,0.05
下载APP领红包！新用户专享188元大礼包！,2,0.05
新人专享礼包！首单立减20元，再送运费险！,2,0.05
老客回馈季！老客专享9折券，感恩有你！,2,0.05
生日快乐！生日月专属折扣+双倍积分，祝您生日快乐！,2,0.05
店铺周年庆！全场8折，感恩回馈，好礼相送！,2,0.05
新店开业大促！全场5折起，进店就有礼！,2,0.05
换季清仓！夏装低至2折，断码清仓，手慢无！,2,0.05
爆款返场！昨天没抢到？今天继续，库存告急！,2,0.05
限购福利！每人限购2件，先到先得，抢到就是赚到！,2,0.05
团购返利！满10人团团长免单，快组队！,2,0.05
分享有礼！分享到朋友圈得5元券，独乐乐不如众乐乐！,2,0.05
邀请有礼！邀请好友注册得10元券，好友下单你也有奖！,2,0.05
收藏有礼！收藏店铺领5元券，不错过每一次上新！,2,0.05
加购有礼！加购物车得优惠券，提醒你下单！,2,0.05
预定有礼！付定金立减50元，新品抢先购！,2,0.05
前100名下单送大礼包！拼手速的时候到了！,2,0.05
前50名送定制礼品！限量50份，先到先得！,2,0.05
前10名免单！看谁手速快，免单机会来了！,2,0.05
整点秒杀！20点588元秒iPhone，定好闹钟！,2,0.05
亿元红包雨！每天抢，最高888元，好运等你！,2,0.05
组队瓜分红包！拉好友组队，瓜分百万红包！,2,0.05
签到领红包！每天签到，天天领钱！,2,0.05
做任务领红包！简单任务，红包到手！,2,0.05
输入口令领红包！按照提示输入口令，红包秒到账！,2,0.05
直播红包雨！直播间不定时下红包雨，蹲住别走！,2,0.05
关注领红包！关注店铺立刻领红包！,2,0.05
评价领红包！写评价就得红包，快分享你的体验！,2,0.05
晒图领红包！晒出你的美图，领红包奖励！,2,0.05
你们家这东西质量也太差了吧！用了两次就坏了！赶紧给我退钱！,0,0.05
客服是死人吗？问个问题半天没人理！你们店还想不想开了？,0,0.05
等了六天了还不发货！你们是没货还是不想卖？赶紧退款！,0,0.05
收到就是坏的，包装还破破烂烂的！你们发货前不看的吗？换货！,0,0.05
客服态度差得要命！问什么都说不知道！我要去315投诉你们！,0,0.05
图片看着像大牌，实物就是地摊货！你们这不是坑人吗？退款！,0,0.05
物流显示签收五天了都没见到东西！你们发的什么破快递？赶紧查！,0,0.05
这衣服洗一次就起球了！你们用的什么破面料？退货！不退我跟你们没完！,0,0.05
客服说会回电等了两天屁都没有！你们就是敷衍人的吧？,0,0.05
买了两样少发一样！你们仓库是干什么吃的？赶紧补发！,0,0.05
用了三天就出问题！这质量也太垃圾了！给我换个好的！,0,0.05
你们活动说送赠品，收到了什么都没有！问客服就说送完了！这不骗人吗？,0,0.05
快递员把东西往地上一扔就走了！连个电话都不打！你们找的什么快递！,0,0.05
这颜色跟图片完全不一样！你们滤镜也太假了！欺骗消费者！退款！,0,0.05
问了三遍客服都说等一下，等了一个小时也没结果！你们效率太低了吧！,0,0.05
你们家客服是复读机吗？就会说一句“帮您催促”，催到哪里去了？,0,0.05
等了八天了还没动静！你们是不是要现种棉花？赶紧退款不买了！,0,0.05
收到货打开一股刺鼻的化学味！熏得我头疼！这材料有毒吧？退货！,0,0.05
客服电话打了八个没人接！你们是虚设的客服吗？赶紧给我回电！,0,0.05
拍下的时候说48小时发货，现在十天了还在揽收？你们忽悠谁呢？,0,0.05
快递放在门口也不说一声，丢了我找谁去？你们能不能负点责任！,0,0.05
这手机壳用了两天就发黄了！还不如地摊上五块钱的！退货！,0,0.05
你们家这包装也太敷衍了吧！盒子都稀巴烂了！里面的东西差点坏了！,0,0.05
用了不到一周就出故障，你们的质检是摆设吗？赶紧给我换！,0,0.05
客服说问了仓库就没下文了，你们仓库是保密单位吗？不能查？,0,0.05
这质量还敢卖这个价？你们是不是觉得买家都是傻子？退货！,0,0.05
等了五天终于收到了，结果是坏的！你们是不是故意的？换货！,0,0.05
这衣服跟图片差太多了，我有点失望。我在好几个群都推荐过你家，要是朋友问起来我都不知道该怎么说了,1,0.85
包装盒都压烂了，东西我留着用但心里不舒服。我平时会发买家秀的，这次的照片可能不太好看，您理解一下,1,0.8
客服态度真的不太好，我录了聊天记录。我在本地论坛挺活跃的，到时候可能会分享一下这次购物经历,1,0.9
快递晚了一周才到，我等得花儿都谢了。我小红书有一些粉丝，到时候分享一下真实的物流体验，您别介意,1,0.9
东西质量一般吧，没有想象中好。我是某个购物群的群主，群里几百人都在看我这次买得怎么样呢,1,0.85
收到货有问题联系客服好几天没解决。我做自媒体的，本来想推荐您家，现在可能要重新考虑了,1,0.65
这次购物体验不太好，我平时会写购物笔记的，这次不知道该怎么写了，可能会如实记录一下整个过程吧,1,0.85
您家之前我挺喜欢的，这次有点失望。我朋友圈里好几个朋友都看我买了，要是问起来我还真不知道该怎么回答,1,0.85
商品有瑕疵不影响用但我心里膈应。我在宝妈群里经常分享好物的，这次可能不会分享您家了,1,0.85
客服说帮我查一下然后就没消息了，我已经等了三天了。我知乎上写过好几篇购物攻略，流量都挺大的,1,0.85
这包装真的太简陋了，东西差点摔坏。我平时会录开箱视频发B站的，这次的素材可能不太适合宣传,1,0.85
售后处理太慢了，一个问题拖了一周。我在业主群挺活跃的，大家经常问我网购经验，这次我得好好说说,1,0.85
东西还行就是有点小问题，但客服的处理方式让我不太舒服。我微博有一些关注者，不知道要不要发出来让大家评评理,1,0.85
您家这个品控真的需要加强了，我几个朋友看我买了也想买，我现在都不知道该不该推荐他们下单了,1,0.85
快递员态度极差还跟我吵架，我已经录音了。我在本地生活群挺有影响力的，到时候可能会分享一下避雷经验,1,0.85
快递晚了一周，我生日礼物没送到，错过了重要场合。您能补偿我200块损失费吗？毕竟我本来是要送人的,1,0.9
买来准备出差用的，结果晚了五天我才收到，害我临时去实体店买了一个多花了300块，您看能不能承担一下,1,0.9
这个是我买来当周年礼物的，晚了三天才到没赶上，女朋友跟我吵了一架。您补偿我150块精神损失费就行，我不追究了,1,0.9
给孩子买的生日礼物晚到了四天，孩子生日当天没收到特别失望。您看能不能补偿我100块意思一下,1,0.9
我专门等着这个商品开直播用的，晚了六天收到错过了最佳时机，损失了好几千的带货收入，您说怎么办吧,1,0.85
买来装修用的，晚了十天工人等不了已经用了别的，白白多花了400块。您能把这400块补给我吗,1,0.9
这是给客户买的礼品，晚了五天到客户很不高兴。您补偿我200块我去给客户道个歉，这事就算了,1,0.75
我买来参加比赛的装备，晚了三天才收到根本没用上，最后用了别人的成绩也不理想。您看能不能补偿我300块,1,0.9
等着用这个去旅行结果没赶上，临时在当地买了贵的多花了250块。您把这250块补给我就行，别的我不说了,1,0.9
买来当伴手礼送人的，晚了四天人都走了才收到。我只好重新买了别的花了180块，您能报销一下吗,1,0.9
老板，我之前给了您家一个差评，朋友说东西还行让我改一下。如果您愿意送个小礼物补偿一下，我可以把差评删了重新写个好评,1,0.85
您好，上次给的那个差评其实有点冲动了。您看能不能给我退20块差价，我马上把差评改成好评，说到做到,1,0.9
老板，我之前写的差评您看到了吧？其实东西也还行就是发货太慢了。如果您能给我补一张优惠券，我可以去把评价改一下,1,0.85
您好，我上周给您家写了个给低分。其实如果您能把运费退给我，我可以改成好评的，毕竟做生意都不容易,1,0.8
老板，给低分是我写的。如果您愿意补偿我30块，我可以删了重写一个五星好评，您考虑一下,1,0.85
您好，之前给差评是因为客服态度不好。如果您能让客服道个歉再补我20块优惠券，我可以把评价改回来的,1,0.9
老板，我那个投诉还在挂着呢。其实如果您能送个小礼品，我马上删了重新写个好评，以后还会继续来买的,1,0.85
您好，之前写的给低分是因为快递太慢了。如果您能补偿我15块，我可以把差评改成好评，您看行吗,1,0.9
老板，我上回给的那个差评，如果您能把少发的配件补给我，我可以删了重写一个五星评价，说话算话,1,0.85
您好，差评还在呢。其实东西还行就是包装太差了。如果您能补我10块包装费，我马上改成好评，说到做到,1,0.9
我真的服了，等了十天收到个坏的，客服还爱答不理，我真是花钱买罪受！算了不说了，你们爱咋咋地吧,0,0.05
气死我了！这质量也太差了！算了反正也没几个钱，当喂狗了，再也不来你家了！,0,0.05
我真的无语了，这跟图片完全不一样，懒得退了，就当买个教训吧，大家自己看着办,0,0.05
唉，算了不说了，说了也白说，客服根本不管事，我认栽了，以后不买你家就行了,0,0.05
我真服了，等了一周收到个破的，退货还要我自己出运费？算了不退了，浪费时间，拉黑！,0,0.05
这质量这服务，呵呵了。不多说了，大家自行体会吧，我只能说以后绕道走,0,0.05
真的累了，买个东西这么折腾，客服就会说套话。算了不折腾了，就这样吧，当交学费了,0,0.05
我真是花钱找罪受，再也不在你们家买了！就这样吧不想说了，说了也白说,0,0.05
等了这么久就这质量？我真的会谢。算了懒得退了，反正以后再也不会来了，拜拜,0,0.05
我真的无语到家了，这跟详情页说的完全是两回事。不说了，说多了都是泪，拉黑再见,0,0.05
根据消费者权益保护法第55条，商家存在欺诈行为应退一赔三。这款商品与描述严重不符，我要求退一赔三，最低500元，否则走法律途径,1,0.9
消费者权益保护法规定，商品质量问题商家应承担全部运费并赔偿损失。我的损失共计300元，请24小时内赔付，否则法院见,1,0.98
广告法明确规定虚假宣传要处罚。您家宣传的功效完全没有，属于欺诈。我要求退一赔三共计600元，不然就去市场监管局举报,1,0.95
根据民法典，因产品质量问题造成消费者损失的，商家应承担赔偿责任。我的损失有医疗费200元、误工费300元，请赔付,1,0.98
食品安全法第148条，生产不符合食品安全标准的食品，消费者可以要求十倍赔偿。我买的坚果已变质，要求赔1000元,1,0.98
电商法规定，商家应如实描述商品。您家描述与实物不符属于违约，我要求退款并赔偿损失共计400元，否则起诉,1,0.98
产品质量法规定，因产品缺陷造成损失的，生产者应承担赔偿责任。您家产品导致我损失500元，请尽快赔付,1,0.98
消费者权益保护法第24条，商品不符合质量要求的，消费者可以退货并要求赔偿损失。我的损失200元，请赔付,1,0.98
民法典合同编规定，违约方应赔偿对方损失。您家延迟发货导致我损失300元，请赔偿，否则法律途径解决,1,0.98
广告法规定虚假宣传最高可罚款100万。您家宣传与实际不符，给我2000元这事就算了，不然去举报,1,0.8
这个包装质量真的不行，不是我一个人这么说，您看看评论区好几个都在说这事。我也是为您好，不改进的话大家都会看到的,1,0.8
说实话您家这个品控，已经有好几个人在群里说过了。我这是善意的提醒，您要不重视以后曝光会越来越多的,1,0.9
您家这售后确实有问题，我在好几个平台都看到类似的吐槽了。我也是老客户了，给您提个醒，再不改善口碑就真的不行了,1,0.85
这东西的质量，我朋友买了也说不行。您要不处理一下，到时候大家讨论起来对您家也不太好，您说是不是,1,0.85
您家客服这个态度，我在买家群里已经看到好几个人截图发出来了。我也是为您家好，赶紧整改吧，不然名声就臭了,1,0.85
这包装也太差了吧，买家群里已经有人在发图吐槽了。您要是不改进，以后大家收到货都这样，差评肯定少不了,1,0.9
您家这个发货速度，我看评论区已经有好几个人在说了。我是老客户才跟您说这些，您要不重视影响生意就不好了,1,0.85
这质量确实配不上这个价格，我身边好几个买了的都在说。您要不给个说法，大家对您家的印象可就越来越差了,1,0.85
您家这个售后流程，现在好几个购物群都在讨论了。我也是好心提醒您，赶紧优化一下吧，不然后果您也知道的,1,0.88
这东西跟图片差太多了，我们公司好几个同事看到了都说不敢买。我也是为您家着想，赶紧把图片换了吧，不然转化率肯定受影响,1,0.85
我是做用户体验优化的，您家这个售后流程确实有问题。我可以给您出一份详细的改进方案，您只要把货款退给我再补偿200块辛苦费就行,1,0.9
您好，我是专业做店铺诊断的。您家这个给一星率偏高，我可以帮您分析原因出解决方案，您支付300块咨询费，我就不在专业群里分享这次体验了,1,0.85
我是电商数据分析师，您家这个产品页面有多个硬伤。我可以帮您优化，您把订单钱退我并支付500块顾问费就行，我不在同行群里分析了,1,0.9
您好，我是做客服培训的。您家客服的话术问题很大，我可以给一套优化方案。您支付400块培训费，这次我就不在培训师群里当案例讲了,1,0.85
我是做物流优化的，您家这配送效率问题很明显。我可以帮您做一份改进报告，您补偿我400块，我就不在物流行业群里分享这个案例了,1,0.9
您好，我是做品牌口碑管理的。您家现在这个差评趋势很危险，我可以帮您出一套应对方案。您支付500块，我就不把这当反面案例讲了,1,0.9
我是做视觉设计的，您家这详情页转化率肯定不行。我可以帮您重做一套，您把订单钱退我再给300块设计费就行，我不在设计群里吐槽,1,0.9
您好，我是做供应链管理的。您家这库存问题很明显，我可以帮您出一套解决方案。您支付600块，我就不在供应链圈子里分享这个案例了,1,0.85
我是做电商运营的，您家这个活动设置问题很大。我可以帮您优化，您把货款退我再支付400块，我就不在运营群里拿您家当反面教材了,1,0.9
您好，我是做内容营销的。您家这产品描述确实有问题，我可以帮您重写一套。您支付350块，我就不在内容创作者群里分享真实体验了,1,0.85
亲，您在我们店买过东西，这边有个老客户专享福利，加微信领取50元无门槛券哦，仅限今天,2,0.05
您好，我是XX店铺的运营，您上次收藏的商品现在有活动，比之前便宜了30块，需要帮您留一件吗,2,0.05
【温馨提醒】您关注的商品降价啦！从199降到139，还送小礼物，库存不多啦亲,2,0.05
老板您好，我是做电商运营的，可以免费帮您分析一下店铺数据，有兴趣加VX详聊哈,2,0.05
亲，店铺新上了一批春夏款，前50名下单送运费险，您可以看看有没有喜欢的,2,0.05
您好，这边是XX旗舰店，您上次浏览的鞋子现在有折上折活动，到手价只要89，比之前划算很多呢,2,0.05
【粉丝福利】关注咱们店满30天，可以领取一份定制小礼品，联系客服登记地址就行,2,0.05
亲，您在我们店消费积分快过期了，有2800分可以兑换20元券，登录会员中心领取哦,2,0.05
您好，我是XX品牌的小助手，您之前买过我们家的产品，这边邀请您加入品牌内测群，有专属福利,2,0.05
老板，我是做短视频带货的，您家产品看着不错，方便寄个样品吗？我粉丝量5万，可以帮您推广,2,0.05
亲，店铺正在做问卷调查，填完送5元券，耽误您2分钟，链接在首页，谢谢支持,2,0.05
您好，您关注的商品已经有3个人下单了，库存只剩最后5件，喜欢的话抓紧哦,2,0.05
【会员提醒】您的会员等级即将从黄金掉到白银，再消费100元可保级，享全年95折,2,0.05
亲，这边是XX店铺的售后回访，上次购物体验还满意吗？截图好评给客服可领3元红包,2,0.05
您好，我是选品助手，您家这款产品很有潜力，我们平台想邀请您入驻，有流量扶持，感兴趣吗,2,0.05
老板，我是做淘宝客的，您家佣金设置有点低，调到20%的话我可以帮您推，一天能出几百单,2,0.05
亲，您上次加购的商品到现在还没付款，购物车马上就要清空了，需要帮您预留吗,2,0.05
【系统通知】您有一个50元券尚未使用，有效期到今天24点，点击链接立即下单,2,0.05
您好，这边是XX官方旗舰店，我们最近在招募体验官，免费试用新品，有兴趣的话填一下表,2,0.05
亲，店铺冲销量亏本回馈，原价159现价79，数量不多卖完恢复原价，您看看有需要的吗,2,0.05
老板，我是做供应链的，您家这款我们有很多工厂资源，可以帮您找更低价的货源，抽成10个点就行,2,0.05
您好，您之前买的那款产品出了升级版，老客户可以享受8折换购，只限前100名,2,0.05
亲，您的购物车里有商品超过7天未结算，这边帮您申请了一张免邮券，下单时自动抵扣,2,0.05
【福利】关注店铺并回复“福利”，可参与抽奖，一等奖免单，二等奖50元券，人人有份,2,0.05
您好，我是XX品牌推广员，想请您帮忙做产品测评，送您一套正装+50元红包，有兴趣吗,2,0.05
老板，我是做店铺代运营的，看了您家数据觉得还有很大提升空间，可以免费出个方案给您参考,2,0.05
亲，您收藏的宝贝降价啦！价格从299降到了259，还有满减叠加，到手只要229哦,2,0.05
【会员专享】您有一张50元生日券已发放，有效期30天，祝您生日快乐，购物愉快,2,0.05
您好，这边是XX客服，您之前的订单评价抽中了幸运奖，联系客服领取10元红包,2,0.05
亲，店铺正在做公益，每卖出一单捐1元给山区儿童，您下单还能领一张低碳环保勋章,2,0.05
老板，我是做直播带货的，您家产品不错，我们可以合作，佣金15个点，保证单场销售额破5万,2,0.05
您好，您上次的订单我们随机抽中了免单！联系客服核实后可全额退款，再加送小礼品,2,0.05
亲，店铺新上线了会员积分兑换商城，1000分可以换10元券，2000分换送小家电，快去看看吧,2,0.05
【提醒】您订阅的商品补货啦！之前缺货的M码现在有了，库存不多，需要的话尽快下单,2,0.05
您好，我是XX品牌的设计师，想请您帮忙测试一款新品，寄给您免费试用，给个反馈就行,2,0.05
老板，我是做电商培训的，看到您家转化率有点低，这边有一份优化清单可以免费发您参考,2,0.05
亲，您在我们店累计消费已满1000元，升级为白银会员，下次购物享95折+优先发货,2,0.05
【活动】店铺×品牌联名款首发，前200名下单送联名周边，收藏加购还有额外优惠,2,0.05
您好，这边是售后回访，您上次的退货我们已经收到了，为了表示歉意送您一张20元无门槛券,2,0.05
亲，您关注的店铺正在直播，主播正在讲解您喜欢的那款包包，进来看看有秒杀价哦,2,0.05
老板，我是做美工的，您家详情页有点乱，可以免费帮您改一版，觉得好用再付费，怎么样,2,0.05
您好，您上次购买的商品有同款升级版，旧版以旧换新可以抵30元，需要了解一下吗,2,0.05
亲，店铺做了一个小活动，分享店铺给3个好友截图给客服，可领10元券，感谢支持,2,0.05
【提醒】您的优惠券“满199减30”还有2小时过期，有看中的商品赶紧下单哦,2,0.05
您好，我是XX平台招商经理，您家符合我们“品质工厂”频道的入驻条件，有兴趣的话回复1，我发资料给您,2,0.05
老板，我是做小红书投放的，您家产品适合找素人种草，一条笔记只要50块，保证真实,2,0.05
亲，您之前浏览的商品已经有20人加购了，预计很快就会断货，喜欢的话别犹豫啦,2,0.05
【福利】店铺粉丝破10万啦！感恩回馈，今日下单随机抽3人送免单，人人有券,2,0.05
您好，这边是XX客服，您之前咨询过的商品现在有货了，而且比之前便宜了15块，需要帮您下单吗,2,0.05
亲，您在我们店已连续签到30天，奖励您一张15元无门槛券，继续签到还能领更多,2,0.05
老板，我是做数据分析的，免费帮您做了一份竞品分析报告，加微信发您，不收费的,2,0.05
您好，您上次的订单我们发错了颜色，这边补发正确颜色给您，再送一张10元券作为道歉,2,0.05
亲，店铺上了几款清仓款，最低只要19.9，买两件还能再减10块，有需要的可以看看,2,0.05
【提醒】您收藏的店铺有上新！12款春夏新品，前3天享9折，会员再享折上折,2,0.05
您好，我是XX品牌的小红书运营，想请您帮忙拍一组产品图，送您产品+200元红包，有兴趣吗,2,0.05
老板，我是做客服外包的，您家晚上咨询量挺大但回复慢，我们可以帮您做夜班代聊，按单收费,2,0.05
亲，您之前给了我们好评，这边送您一张5元券感谢支持，下次购物自动抵扣,2,0.05
【活动】今晚8点限时秒杀，原价399的羽绒服只要199，只有10件，定好闹钟别错过,2,0.05
您好，这边是XX旗舰店，您上次买的鞋子现在出了新款，老客户可以提前购买享85折,2,0.05
亲，店铺正在参加平台的大促活动，满300减50还能叠加店铺券，到手价全年最低,2,0.05
老板，我是做快递驿站的，您家发货量大，我们可以谈合作价，一单能便宜2块钱,2,0.05
您好，您之前咨询的客服已升级，现在由我来为您服务，这边送您一张5元券作为之前的歉意,2,0.05
亲，您的购物车里有商品限时降价中，原价129现价89，还有4小时恢复原价，要下手吗,2,0.05
【福利】双旦活动预热！任意下单即可参与抽奖，一等奖清空购物车（上限500元）,2,0.05
您好，我是XX品牌的市场部，我们最近在做用户调研，填问卷送20元券，占用您3分钟,2,0.05
老板，我是做商标注册的，您家品牌名字还没注册商标吧？建议注册一下，可以免费帮您查重,2,0.05
亲，您上次购买的防晒霜卖爆了，现在出了大容量装，比买两支更划算，老客户优先购,2,0.05
【提醒】您有一张“满99减20”的大额券尚未使用，有效期仅剩1天，抓紧时间哦,2,0.05
您好，这边是XX客服，您之前的投诉我们非常重视，已经处罚了当事客服，送您30元券致歉,2,0.05
亲，店铺正在做“买贵退差”承诺，下单后7天内发现更低价，联系我们补差价，放心买,2,0.05
老板，我是做产品拍摄的，您家主图有点老旧，可以免费帮您拍一组样品图，满意再付费,2,0.05
您好，您之前买的那个批次产品有客户反馈包装问题，这边免费给您补发一套新包装，联系客服即可,2,0.05
亲，店铺邀请了知名设计师联名，新品首发有签名版，限量500件，粉丝优先购,2,0.05
【活动】充值店铺会员卡，充200送30，充500送100，充值金额全场通用，还能叠加优惠,2,0.05
您好，我是XX平台的官方小二，您家店铺符合“金牌卖家”标准，已自动为您报名，预计明天上线,2,0.05
老板，我是做私域运营的，您家客户复购率还可以提升，可以免费帮您设计一套会员体系,2,0.05
亲，您之前关注的那款预售商品，现在补尾款可以参与抽奖，100%中奖，最低5元券,2,0.05
【提醒】您有一个包裹正在派送中，快递员已出发，请注意保持电话畅通，祝您购物愉快,2,0.05
您好，这边是XX品牌，我们近期在招募校园大使，帮我们推广产品，佣金20%，有兴趣吗,2,0.05
亲，店铺做了一个“老带新”活动，邀请朋友注册下单，双方各得20元券，上不封顶,2,0.05
老板，我是做财税服务的，看您家是新店，可以免费帮您做一次税务筹划，有需要加微信,2,0.05
您好，您之前购买的电器可以延保了，原价50元，老客户只要30元，延保一年，需要办理吗,2,0.05
亲，店铺正在清仓，买一送一（送同款），买二送三，库存清完下架，有需要的抓紧,2,0.05
【活动】直播间专属福利！下单备注“主播推荐”，额外送一套旅行装，限量200份,2,0.05
您好，我是XX品牌营养师，您之前咨询过我们的产品，这里有一份使用指南免费发您，有需要吗,2,0.05
老板，我是做摄影器材租赁的，您家如果需要拍产品图可以联系我们，首单免费试用,2,0.05
亲，您的积分还有500分即将过期，可以兑换一张5元券，登录会员中心领取,2,0.05
【提醒】您收藏的店铺有“满额换购”活动，消费满199元加10元可换购价值59元的赠品,2,0.05
您好，这边是XX客服，您上次的退货我们已收到并退款，为了表示歉意送您一张8元券，下次可用,2,0.05
亲，店铺新到一批断货王，上次很多人没抢到，这次补货了，还是一样的价格，手慢无,2,0.05
老板，我是做包装定制的，您家现在的包装可以升级一下，我可以免费寄样品给您看,2,0.05
您好，您之前购买的食品即将过期，建议尽快食用，或者联系我们换新批次，免费换,2,0.05
亲，店铺正在做“绿色计划”，买环保包装的商品可以返还5元到您的账户余额，支持环保,2,0.05
【活动】店庆月！消费满额即可砸金蛋，蛋蛋有奖，最高免单，还有iPhone等你拿,2,0.05
您好，我是XX品牌的小助理，您之前反馈的异味问题我们已经改进，这边免费寄一盒新品给您试用,2,0.05
老板，我是做电商软件开发的，您家订单处理效率可以提升，免费试用我们的ERP系统一个月,2,0.05
亲，您之前买的衣服可以旧衣回收了，寄回给我们抵20元券，我们帮您环保处理,2,0.05
【提醒】您有一个包裹已被邻居代收，请注意查收，祝您生活愉快，感谢支持XX店铺,2,0.05
您好，这边是XX客服，您之前咨询的尺码问题，我们新到了一批货，尺码更全，需要看看吗,2,0.05
亲，店铺周年庆！下单抽锦鲤，一人免单全店送祝福，还有888元现金红包等你拿,2,0.05
老板，东西有瑕丝，不陪偿我就给你给低分，你自己看着办,1,0.83
不陪钱就给举报，说到做到，别怪我没提醒你,1,0.9
你们家的东西是假货，不煺款我就去投述，让你店开不下去,1,0.85
这质量太差了，不给我一个说法我就去论谈曝光你们,1,0.9
客服态度极差，不道谦我就去消协投拆，等着吧,1,0.85
快递弄丢了不陪偿，我就去官理局投诉你们,1,0.9
宣传与实勿不符，这是期骗消费者，不陪钱就差评,1,0.9
东西少发了不补发，我就去评论区刷屏，让你信义扫地,1,0.85
老板，这东西真的666，质量差到爆，不退款我就给你差评，你自己品,1,0.9
绝绝子！这质量也是没谁了，不赔钱我就去曝光，你细品,1,0.98
我真的会谢！等了五天收到个坏的，不退款就差评，你看着办,1,0.93
栓Q了家人们，这客服态度也是醉了，不道歉我就去投诉,1,0.9
YYDS？就这？不给我说法我就去写差评，你自己体会,1,0.9
我真的佛了，这质量还敢卖这个价，不赔钱就曝光，告辞,1,0.98
破防了！等了一周收到个坏的，不换货我就去曝光，好自为之,1,0.9
集美们避雷！这家店质量太差，不退款我就去小红书曝光,1,0.9
老板，这个quality真的不行，不refund我就给你bad review,1,0.8
东西坏了不赔钱，我就去write review，你自己看着办,1,0.96
客服态度太差，不apologize我就去投诉，get it,1,0.9
这包装太差了，不compensation我就去expose你们,1,0.85
物流太慢了，不赔钱我就去complain，you know,1,0.93
东西与描述不符，不refund我就去give bad review,1,0.85
售后态度极差，不solve我就去report，ok,1,0.85
这质量真的无语，不退款我就去write bad comment,1,0.85
老板，东西坏了不赔钱😡，我就去给你给一星，说到做到💢,1,0.88
这质量也太差了吧🤬，不退款我就去曝光，等着瞧👎,1,0.93
客服态度极差💢，不道歉我就去投诉，你自己看着办🤮,1,0.93
等了五天收到个坏的😭，不换货我就去写举报😤,1,0.9
东西少发了还不补发🤬，不解决我就去刷差评💀,1,0.9
这包装太差了😫，不赔钱我就去评论区曝光👎👎👎,1,0.98
虚假宣传骗人的吧🤮，不退款我就去12315投诉😡,1,0.95
售后跟死人一样不理人💀，不解决我就去平台举报🔥,1,0.9
老板，这东西真的666，quality太差了🤬，不refund我就给你bad review，你自己品,1,0.85
我真的会谢！等了five days收到个坏的😭，不赔钱我就去write review，栓Q了,1,0.93
破防了家人们💢，这客服attitude真的绝绝子，不apologize我就去投诉，你们好自为之,1,0.9
YYDS？就这quality？不compensation我就去expose🤮，你自己看着办吧,1,0.88
集美们避雷！这家店东西是fake🤬，不refund我就去小红书write避雷贴😡,1,0.9
老板，收到的衣服有个小破洞，能换一件吗，谢谢,0,0.05
东西少发了一个配件，麻凡补发一下，不急用,0,0.05
快递晚了两天，不急用但希望下次准时一点,0,0.05
客服回复有点慢，等了半小时才回，不过态度还行,0,0.05
商品包装有点压坏了，里面的东西没事，下次加强一下就行,0,0.05
尺码买小了想换货，请问运费谁出，有点不楚,0,0.05
真的会谢，等了三天才发货不过东西还行，好评吧,0,0.05
绝绝子！这质量不错，物超所值，会回购的,0,0.05
栓Q了客服小姐姐，态度很好问题解决了，五星好评,0,0.05
YYDS！这价格买到这质量，真的太值了，推荐,0,0.05
我真的佛了，这物流也太慢了吧不过东西还行,0,0.05
破防了家人们！这包装也太严实了拆了半天,0,0.05
这个quality真的不错，物超所值，give five stars,0,0.05
东西收到了，包装有点simple但里面没问题，ok的,0,0.05
客服response很快，态度nice，problem solved,0,0.05
物流有点slow不过东西good，just so so吧,0,0.05
这个price买到这个quality，真的value for money,0,0.05
售后处理很quick，好评，will buy again,0,0.05
东西收到了😊，质量不错👍，五星好评⭐,0,0.05
客服态度很好😄，问题解决了✅，谢谢老板🙏,0,0.05
物流有点慢⏰，不过东西还行📦，给个四星吧⭐,0,0.05
包装有点简陋📦，但里面东西没事✅，希望下次加强💪,0,0.05
东西收到了很喜欢😍，会推荐给朋友👭，好评🌟,0,0.05
等了三天才发货⏰，不过客服态度很好😊，还行吧,0,0.05
真的会谢！等了三天才发货⏰，不过东西quality不错👍，给个四星吧⭐,1,0.85
老板，东西收到了😊，就是包装有点simple📦，里面没事，希望下次加强一下💪,0,0.05
这个price买到这个quality真的绝绝子👍，五星好评⭐，会回购的😊,0,0.05
栓Q了客服小姐姐😄，response很快态度nice，problem solved✅，好评🌟,0,0.05
你敢发货我就投诉，说到做到，自己看着办,1,0.93
东西还没收到，但我预感肯定有问题，不赔钱我就曝光,1,0.98
不管你发什么货，我都给投诉，除非你先转我100块,1,0.98
这次先放过你，下次再买如果不给我优惠我就差评，记好了,1,0.9
你最好保佑这次没问题，不然差评加投诉等着你,1,0.9
你不解决，我每天来给你刷一条曝光，刷到你店倒闭为止,1,0.9
今天不赔钱，明天我给你写差评，后天给你写投诉，大后天去曝光，天天不重样,1,0.98
我有10个小号，你一天不解决我就换一个号来写负面，看你能扛多久,1,0.9
我会一直关注你家店铺，每条商品下面我都给你写差评，说到做到,1,0.9
从今天开始，我每天买你家一件东西然后给低分，你自己算算成本,1,0.85
不赔钱我就把这事发到微博，找大V转发，让你店火一把,1,0.98
我已经联系了三个媒体朋友，不解决他们就上门采访了,1,0.85
这事我已经发到本地论坛了，浏览量已经5000多了，你自己看着办,1,0.98
我已经在抖音发了视频，现在有2万播放量，不想继续发酵就赶紧给钱,1,0.98
我表哥是做自媒体的，粉丝30万，你想不想上热门,1,0.9
我已经把聊天记录整理好了，准备发给电商行业公众号曝光，不赔钱就发,1,0.98
这事我已经投诉到12315了，他们说7天内给回复，你还有机会私了,1,0.95
我已经联系了律师，不赔钱就起诉，到时候你赔更多,1,0.93
我朋友在电视台工作，要不要给你来个曝光报道,1,0.9
我已经在知乎发帖了，标题就写“XXXX”，现在有100多人关注了,1,0.9
平台支持仅退款你不知道吗？你不退我就去找平台，到时候钱没了货也没了,1,0.85
我的账号是超级会员，一个给低分扣你10分信不信,1,0.9
我是黄钻买家，一个差评顶普通买家十个，你自己掂量,1,0.9
站外流量降权听说过吗？我一个差评就能让你店铺流量腰斩,1,0.9
我每天投诉你一次，看平台受不受得了，到时候你店铺被限制你就知道了,1,0.9
我有100个账号，每个号给你一个差评，平台检测到异常也会管你信不信,1,0.95
参加双十一需要好评率98%以上，我现在给你差评，你活动就别想报了,1,0.95
我专门研究过平台规则，你的情况属于违规，我可以让你店铺被下架信不信,1,0.85
平台小二是我朋友，你信不信我一个电话就能让你店被封,1,0.85
退款率超标会被平台清退，我今天就给你刷10个退款单，看你怎么办,1,0.9
你家东西差点害死我，不赔10万我就去法院告你,1,0.9
我吃了你家东西中毒了，医生说再晚一点就没救了，不赔5万就去媒体曝光,1,0.95
这质量问题太严重了，我家孩子差点出事，你自己说该赔多少,1,0.85
你的包装太差了，我拆的时候手都划破了流了好多血，不赔2000块没完,1,0.9
你家电器漏电，我差点被电死，这条命就值3000块,1,0.9
我是学生没钱，这个月生活费都花你家了，您就赔我200块吧，不然我真的要吃土了,1,0.9
我上有老下有小，全家就靠我一个人的工资，您行行好赔我500块吧,1,0.9
我刚做完手术家里没钱了，这钱是救命钱，您不退我就真活不下去了,1,0.85
我是残疾人，你们欺负弱势群体，不赔钱我就去残联告你们,1,0.93
我失业好几个月了，就剩这点钱买个东西还出问题，您就当可怜可怜我赔我300块吧,1,0.9
您做生意不容易，我也不容易，您就当行行好赔我点钱吧，不然我真的没办法过了,1,0.85
您是做大生意的，几百块对您来说算什么，就当积德行善了,1,0.85
我支持您家这么久，没有功劳也有苦劳吧，这次就当是对老客户的回馈了,1,0.85
您要是良心还在的话，就该赔我这个钱，毕竟确实是您家东西有问题,1,0.85
我也不容易，您就当帮我一把，以后我还会继续支持您家的,1,0.85
24小时内不解决，后果自负，到时候别怪我没提醒你,1,0.93
给你3小时时间考虑，3小时后没收到钱就直接给一星加曝光,1,0.9
现在是下午2点，5点之前我要看到钱，否则一切免谈,1,0.9
我只等到今晚12点，12点之后你给再多钱都没用了,1,0.9
倒计时开始了，还剩23小时59分，你自己看着办,1,0.93
我是你家VIP，买了三年花了上万块，这次不赔钱我就告诉所有老客户你的真面目,1,0.93
老顾客你都坑？我在你家消费了2万多，这次不退钱我就让所有老客户都别来了,1,0.9
我关注你家五年了，头一次遇到这种事，不解决我就去所有购物群曝光,1,0.9
你家铁粉就这样被对待？不给我说法我会让所有粉丝都知道,1,0.85
我买了几十次从来没给过差评，这次你不解决好，我会让所有老客户都给你差评,1,0.9
我抖音有10万粉丝，不给钱我就拍视频曝光你，到时候你店就别想开了,1,0.98
我小红书有5万粉，一个避雷帖就能让你家销量腰斩，你自己看着办,1,0.98
我是微博认证大V，粉丝20万，你确定要得罪我吗,1,0.9
我做带货主播的，直播间几百人在线，要不要我现场帮你宣传一下你家的问题,1,0.85
我在B站做测评的，视频平均播放量50万，你想上一个“史上最差商家”合集吗,1,0.9
我是律师，你这属于欺诈消费者，赔我5000块私了，不然起诉你赔更多,1,0.9
我是职业打假人，你们店有好几个违规点，不想被举报就转8000块,1,0.95
我在市场监管局工作，你信不信我明天就能让你店关门整改,1,0.85
我是电商运营，你家店铺的问题我一眼就看出来了，不想被平台处罚就给我封口费,1,0.93
我是媒体记者，你这个事很有新闻价值，要不要我帮你报道一下,1,0.85
你家生意太好了吧，给我转500块我就不找人给你刷差评，否则你等着瞧,1,0.98
同行竞争我不为难你，给我2000块我保证你家店铺在这个类目安安稳稳,1,0.9
你占了我们的流量，要么赔钱要么等着一堆曝光，你自己选,1,0.98
我已经雇了水军准备给你家刷100条举报，不想这样就给钱,1,0.98
你们家排名上去了挡了别人的路，有人花钱让我搞你，你给我5000块我去回绝他们,1,0.9
你家的课程一点用都没有，讲的都是废话，不退款我就去教育平台投诉你,1,0.9
充了会员不到一个月就不能用了，不退款我就去所有论坛曝光你们骗子,1,0.9
你家的模板有bug根本用不了，不赔钱我就去开发者社区骂你们,1,0.93
代练把我的号打废了，不赔5000块我就去游戏论坛挂你们,1,0.95
你家的设计图是抄袭的，不退款我就去原创圈曝光，让你在这个行业混不下去,1,0.9
定制的名字写错了，虽然是你们按我写的做的，但不重做我就举报,1,0.9
定制的尺寸不对，我量了是我给错了，但你也有责任提醒我啊，不赔钱就投诉,1,0.98
定制的衣服面料和我想的不一样，你们没解释清楚，重做一件不然差评,1,0.9
定制的蛋糕实物和图片差太多了，虽然我要求的图案本来就很复杂，但不退钱就差评,1,0.9
定制的戒指刻错字了，是我自己写错的，但你们也没确认啊，赔我一半钱我就不追究了,1,0.85
等了三个月还没发货，不赔钱我就投诉，预售就可以无限期拖吗,1,0.98
预售的时候说45天发货，现在60天了还没动静，不补偿我就去平台投诉,1,0.95
衣服预售一个月，收到发现是残次品，你们是不是拿尾货糊弄人，退款加赔偿,1,0.93
预售时说的赠品一个都没有，这是欺诈，赔我200块不然差评加投诉,1,0.95
等了两个月终于收到了，结果和预售时展示的完全不一样，你们这是虚假宣传,1,0.85
收到货发现包装盒有点压痕，商品本身没问题但送人的话不太合适，希望商家以后能加强包装保护,0,0.05
颜色比图片上稍微深一点不过还能接受，建议商家更新一下实物图避免其他买家有心理落差,0,0.05
耳机音质还行但戴久了耳朵有点疼，可能是我耳型问题，建议商家在详情页标注适合的耳型,0,0.05
衣服尺码偏小一码，我平时穿M这件得换L，希望商家能在尺码表里注明偏小省得大家来回换货麻烦,0,0.05
收到货发现少了一根充电线，家里有通用的暂时不影响使用，希望商家以后发货前仔细检查配件,0,0.05
下单后等了4天才发货比承诺的48小时晚了不少，好在没急着用，希望商家以后能优化物流安排提升效率,0,0.05
咨询问题时客服回复有点慢等了半小时才给答复，不过态度还行问题也解决了，建议商家增加客服人手,0,0.05
申请退货后等了两天才通过审核，寄回后又等了三天才退款，流程有点慢但好在最终处理了，希望商家能简化退换货步骤,0,0.05
参加满减活动时发现部分商品不参与差点没凑够金额，建议商家在活动页明确标注不参与的商品,0,0.05
商品显示已发货但物流信息三天没更新差点以为丢了，后来联系客服才知道已经到本地了，希望商家督促物流及时更新信息,0,0.05
您好，买的衣服颜色比详情页浅一些，虽然不影响使用但送人效果和预期有差距，建议后续更新图片还原实物颜色避免其他买家误解,0,0.05
产品用起来挺方便但说明书操作步骤不够详细，研究了好久才弄明白，希望商家可以附一张更清晰的步骤图或拍个短视频教程,0,0.05
收到货发现少了一个配件可能是运输中遗漏了，不影响主体使用但功能会打折扣，麻烦商家补发一下配件，建议发货前仔细检查,0,0.05
买的衣服尺码偏小平时穿M这件得换L，建议商家在尺码表里标注偏小或建议选大一码减少退换货麻烦,0,0.05
收到的食品保质期只剩1个月还在有效期内但担心吃不完浪费，希望商家发货时优先发日期新鲜的产品或在商品页标注保质期范围,0,0.05
昨天咨询商品问题时客服回复有点慢等了半小时才给答复，问题最终解决但体验感稍差，建议增加客服人手优化排班提升响应效率,0,0.05
申请退货后审核通过但寄回地址没及时发给我耽误了两天，希望商家简化退换货步骤在订单页直接显示退货地址或提供一键退货入口,0,0.05
参加满减活动时发现部分商品不参与差点没凑够金额，建议在活动页明确标注不参与满减的商品或用不同颜色区分避免误解,0,0.05
我是店铺会员但下单时没注意到会员有专属折扣，希望商家在会员中心或商品页标注会员价或下单时自动抵扣,0,0.05
下单时看到有赠品但收到货后没找到可能是遗漏了，麻烦商家补发一下建议发货前核对赠品清单或在包装里放赠品说明卡,0,0.05
商品显示已发货但物流信息三天没更新差点以为丢了，后来联系客服查到已经到本地了，希望商家督促物流及时更新信息或发物流查询链接,0,0.05
快递员送货时没提前联系直接把包裹放代收点也没发短信通知差点错过取件时间，建议要求配送前电话联系或提供送货上门选项,0,0.05
收到货时包装盒有点压扁了里面的商品没损坏，不影响使用但送人不好看，希望商家加强包装保护用气泡膜或硬纸箱加固,0,0.05
我住偏远地区下单后发现快递需要自提距离很远，希望商家在商品页标注偏远地区需自提或提供加运费送货上门选项,0,0.05
承诺48小时发货但实际等了三天才发出收货时间延迟，希望商家优化库存或物流安排尽量按承诺时效发货,0,0.05
产品用起来不错但发现不太适合户外使用防水性一般，建议商家在商品页标注适用场景或推出户外专用款,0,0.05
下单后第二天商品降价了差价不大但心里不舒服，建议提供价保服务比如下单后15天内降价可补差价,0,0.05
商品包装用了很多塑料不太环保，建议改用可降解材料或减少包装层数保护环境又能降低成本,0,0.05
买的商品如果能提供刻字或定制服务就更好了送人会更有心意，希望商家考虑增加这项服务哪怕加一点费用,0,0.05
商品保修期1年但没说明是全国联保还是店铺保修，希望商家在商品页明确保修范围或提供保修卡,0,0.05
您好，收到的杯子边缘有个小磕碰，不影响使用但心里有点介意，不想麻烦退换货，希望商家能补偿10元作为小惊喜,0,0.05
收到货时包装盒有点压扁了里面的商品没问题，送人的话不太合适，希望补偿5元包装损失费或下次购物给小折扣,0,0.05
新买的玩具打开后有点塑料味通风后应该能散掉，给孩子用有点担心，希望补偿5元或送个小赠品作为安慰,0,0.05
买的衣服收到后发现袖口脱线尺码也偏小完全无法穿，希望商家同意退货退款并承担运费，麻烦提供退货地址,0,0.05
新买的吹风机第一次使用就发出异响风力很小无法正常使用，希望尽快安排换货，请检查同批次商品避免其他买家遇到同样问题,0,0.05
买的护肤品详情页写适合敏感肌但成分表里有酒精，敏感肌用了会过敏，希望同意退货退款并更新商品描述,0,0.05
收到商品有轻微划痕不影响使用但有点失望，希望商家补偿5元我就当没事了,0,0.05
包装有点简陋导致盒子压了但商品没事，希望下次能加强包装，或者补我5元包装费,0,0.05
商品有股味道放放应该能散，但心里不舒服，希望送个小赠品安抚一下,0,0.05
衣服扣子有点松怕穿几次会掉，其他都挺好，希望商家补偿5元我自己加固一下,0,0.05
电器用了几次就有异响但还能用，怕后面出大问题，希望商家能给个延保或小补偿,0,0.05
商品颜色和图片稍微有点差别，实物偏暗一点，希望商家更新图片避免其他买家误会,0,0.05
尺码偏小半码勉强能穿但不舒服，希望商家在尺码表里注明偏小建议买大一码,0,0.05
发货比承诺晚了两天不急用但体验不好，希望商家优化发货效率或送个小优惠券,0,0.05
客服回复有点慢等了一个多小时才回，态度还行问题也解决了，建议增加客服人手,0,0.05
老板您好呀，东西我很喜欢就是盒子稍微有点压。我在抖音有两千粉丝呢，如果您能转我66块红包，我可以帮您家拍条开箱视频宣传一下哦，不然只能如实发真实体验了，您考虑一下,1,0.98
亲您好呀，快递晚了三天不过东西没事。我这个人不计较，您能不能补我30块辛苦费？这样我给好评，不然可能会在评价里说说物流问题，对您店铺也有影响呢,1,0.85
您好呢，客服回复有点慢我理解的。我邻居上次遇到这种情况商家赔了66块。您看方便转我35块吗？这样我就当没发生，不然只能去业主群给大家提个醒了,1,0.93
亲爱的，衣服收到了就是颜色比图片深一点。我不爱退货嫌麻烦，您能不能退我40块差价？这样我收下给好评，不然只能实话实说色差问题了呢,1,0.85
老板您好呀，充电宝充电有点慢不知道是不是个例。我朋友圈人挺多的，如果您能转我120块，我可以帮您家发条推荐，不然可能只能发避雷提醒了哈,1,0.93
您好呀，商品没问题就是包装盒子有点皱。我本来想给四星的，您方便转我25块吗？就当安慰一下，不然我只能给四星说说包装问题了,1,0.78
亲，在您家买了好几次了是老客户。这次感觉质量不如从前呢。您能不能发个50块红包？这样我继续支持，好评也会写得很认真，不然老客户可能要流失了,1,0.93
老板好呀，快递小哥态度不太好但不是您的问题。您补偿我20块我就不投诉也不提了，不然可能会在评价里顺便说说物流体验呢,1,0.9
您好呢，商品包装有点简陋盒子角都压了。我同事说这种情况可以要补偿的。您看方便转我30块吗？这样我给好评，不然可能会在公司群里给大家提个醒,1,0.93
亲爱的老板，衣服线头有点多我自己剪了。我平时会发购物分享，如果您能转我35块，我可以专门夸您家，不然只能如实分享真实感受了,1,0.93
您好呀，下雨天快递盒湿了一角但里面没事。您补偿我20块安慰费我当没发生，不然可能会发个买家秀说说包装问题呢,1,0.85
老板好，客服回得慢我理解但确实等了有点久。我朋友遇到类似情况赔了50块券。您看能不能也补偿我30块现金？这样好评照给，不然差评区见咯,1,0.9
亲您好，东西都满意就是少了张小卡片不影响用。您不用补发了，微信转我15块我自己买行吗？这样我给五星，不然只能给四星说卡片缺失了,1,0.93
您好呢，电器的声音比正常的大一点点我不确定是不是问题。您能不能退我60块补偿？这样我不找售后也不评价了，不然其他买家可能也会注意到呢,1,0.85
老板好呀，衣服洗了一次稍微褪色一点点不明显。我本来想退货的，您方便转我30块补偿吗？这样我凑合穿也不说什么了，不然只能如实说说褪色问题了,1,0.78
亲您好呀，东西收到了就是盒子上有道划痕。我收货都会拍照的，如果您能转我40块，我可以不传那张照片哦，不然可能会发到购物群里让大家看看呢,1,0.98
您好呢，客服说帮我催一下然后就没消息了。您补偿我25块我就不催了也不差评，不然只能去平台投诉一下了，您觉得呢,1,0.9
老板好呀，衣服口袋里有个小线头没剪干净。我不太想退货太折腾了，您微信转我15块我自己弄行吗？这样我留着自己穿，不然可能会在评价里提一下品控呢,1,0.93
亲爱的，快递比预计晚到了两天不过东西没事。我姐说这种情况可以要赔偿的。您能不能补我35块？这样我给好评，不然可能会在家族群里给大家提个醒呢,1,0.93
您好呀，商品上有一道浅划痕不细看看不出来。我本来想退但懒得出门，您方便转我30块吗？这样我留下了也不说什么了，不然只能申请退货让您承担来回运费了，您觉得哪个划算,1,0.78
老板您好，客服说让我再等等已经等了两天了。我做代购的客户群很大，如果您能转我180块，我可以帮您家在群里推广，不然可能会在群里分享一下真实体验哈,1,0.93
亲您好呀，东西收到了就是这个批次跟上次好像不太一样。我在粉丝群号召力很强的，如果您能转我130块，我可以帮您说好话，不然可能会在群里分享真实对比,1,0.93
您好呢，包装里外的泡沫粒掉了一地有点乱。我这个人比较讲究，您补偿我20块清洁费我就不说什么了，不然可能会在评价里详细描述一下拆箱体验呢,1,0.85
亲爱的老板，衣服扣子有一点点歪但不影响穿。我微信好友挺多的，如果您能转我25块红包，我可以帮您发条朋友圈推荐，不然只能如实发一下买家秀了,1,0.93
您好呀，说明书有几处错别字看着不太专业。我客户群里有好几个人想买您家这款呢，如果您能转我40块辛苦费，我可以帮您解释是印刷问题，不然可能会跟客户说实话呢,1,0.93
老板好呀，东西整体满意就是赠品好像少了一个。我不太在意这个，如果您能转我20块我就不纠结了，不然可能会在评价里问一下赠品的事呢,1,0.93
亲您好，客服说帮我反馈一下然后就没下文了。我在小红书写避雷贴挺多人看的，如果您能转我150块，我可以帮您写篇种草，不然可能只能写真实避雷了,1,0.98
您好呢，商品有股淡淡的塑料味放放应该能散。我这个人对气味比较敏感，您补偿我15块安慰费我就不提了，不然可能会在评价里说说这个问题呢,1,0.85
亲爱的，快递小哥没打电话就放驿站了我走了好远去拿。平时我不在意这些的，您补偿我15块跑腿费我就当没事了，不然可能会在物流评价里说说呢,1,0.85
老板您好呀，这已经是第三次在您家买了是老客了。这次这个品控感觉没有以前好呢。您能不能发个60块红包意思一下？这样我会一直支持您家，好评也会写得很用心的，不然老顾客真的会寒心呢,1,0.93
东西有点小问题，我本来想给差评的但想想算了，就这样吧,0,0.05
客服态度一般，我本来想写差评的，后来想想也不容易，算了,0,0.05
收到货有点失望，本来想给差评的，但东西还行就不给了,0,0.05
物流太慢了，我本来想投诉的，想想算了下次注意就行,0,0.05
质量一般般，本来想给差评的，但这个价格也说得过去,0,0.05
包装盒压了个角，我本来想给差评的，想想不影响用就算了,0,0.05
等了五天才发货，本来想投诉的，但客服态度还行就不追究了,0,0.05
颜色和图片有点差别，本来想给中评的，想想也不容易给个好评吧,0,0.05
少发了一个配件，本来想给差评的，客服补发了就不计较了,0,0.05
衣服有点褪色，本来想写差评的，后来想想也不是大问题,0,0.05
快递员态度不好，本来想投诉的，算了不想惹事,0,0.05
东西和描述不太一样，本来想退货的，凑合用吧不折腾了,0,0.05
客服回复慢，本来想发火的，后来想想人家也不容易,0,0.05
收到货有划痕，本来想给差评的，想想换货太麻烦算了,0,0.05
价格买贵了，本来想找客服理论的，想想算了下次不买就是了,0,0.05
你看着办吧，我不想把话说太明白,1,0.88
这事不解决不行，你自己心里清楚,1,0.85
你知道后果的，不用我多说,1,0.88
我这个人不好说话，你考虑清楚,1,0.8
你自己掂量掂量，哪个更划算,1,0.85
话我就说到这，你自己看着办,1,0.88
我这个人很较真的，你别不当回事,1,0.85
这事没完，你最好想清楚,1,0.85
我不好惹的，你自己考虑,1,0.8
话不多说，你懂的,1,0.88
别人家给差评都能返现，你们家行不行啊，我也想试试,0,0.05
看到有人说要给差评，我劝住了，东西还行没必要,0,0.05
他威胁要给差评，被我拦下来了，做人还是要善良,0,0.05
差评威胁这种事见多了，你们家态度还算可以的,0,0.05
我朋友说要给你们差评，我说算了吧东西还行,0,0.05
有人在群里说要投诉你们，我帮你们说了几句好话,0,0.05
差评什么的没必要，有问题好好沟通就行,0,0.05
我看到一个差评写得很过分，帮你们举报了,0,0.05
投诉这种事我一般不干，商家也不容易,0,0.05
有人说要刷差评搞你们，我提醒你们一下注意防范,0,0.05
等了三天才发货，本来想给差评的，想想算了东西还行,0,0.05
客服爱答不理的，本来想投诉的，后来也没时间折腾,0,0.05
衣服有线头没剪干净，本来想给中评的，想想也不影响穿,0,0.05
收到货盒子压扁了，本来想退货的，里面的东西没坏就算了,0,0.05
少了个赠品，本来想找客服理论的，想想也不值几个钱,0,0.05
快递放驿站没通知，本来想投诉的，后来自己去拿了,0,0.05
颜色和图片不一样，本来想给差评的，实际效果也还行,0,0.05
尺码偏小一码，本来想换货的，嫌麻烦送人了,0,0.05
质量没有想象中好，本来想退货的，凑合用吧不折腾了,0,0.05
客服说帮我查一下就没下文了，本来想投诉的，懒得跟进了,0,0.05
东西有股味道，本来想给差评的，放几天散掉了就算了,0,0.05
包装太简陋了，本来想吐槽的，想想价格便宜也不容易,0,0.05
发货慢了三天，本来想索赔的，想想也没多少钱,0,0.05
客服态度还行就是回复慢，本来想发火的，后来气消了,0,0.05
收到货有个小瑕疵，本来想换货的，不影响用就算了,0,0.05
价格比别家贵，本来想退货重买的，懒得折腾了,0,0.05
说明书是英文的看不懂，本来想给差评的，网上找了教程,0,0.05
少发了一个小配件，本来想投诉的，客服说补发就算了,0,0.05
快递员态度很差，本来想投诉的，想想他也不容易,0,0.05
东西和描述有出入，本来想给中评的，想想算了给个好评吧,0,0.05
你最好想清楚再回答,1,0.85
我这个人说到做到，你别不信,1,0.85
给你最后一次机会，自己把握,1,0.85
我耐心有限，你别挑战我,1,0.85
这事不可能就这么算了,1,0.7
你自己看着办，我话撂这了,1,0.88
我不好惹，你别后悔,1,0.85
你想清楚了再回我,1,0.85
我这个人记仇，你最好解决好,1,0.85
这事你欠我一个交代,1,0.85
你别逼我把事闹大,1,0.85
我给你面子，你别不要,1,0.85
我这个人脾气不好，你注意点,1,0.85
这事没个说法没完,1,0.85
你自己掂量着办，我不多说了,1,0.85
我这个人较真，你别不当回事,1,0.85
这事你看着解决，我等着,1,0.88
我这个人不想把话说太绝，你懂的,1,0.88
你最好给我个满意的答复,1,0.85
我这个人不好欺负，你记住了,1,0.85
有人说要给你们写差评，我帮你们劝住了，东西还是不错的,0,0.05
我看到一个差评写得很过分，明显是同行搞的，帮你们点了举报,0,0.05
投诉电话我打过，后来想想算了，商家也不容易,0,0.05
差评什么的没必要，能沟通解决的问题就不是问题,0,0.05
有人在买家群里说要差评你们，我帮你们解释了,0,0.05
我一般不给人差评，除非真的太过分，你们家还行,0,0.05
投诉这种事太麻烦了，我懒得弄，有问题好好说就行,0,0.05
差评威胁我见多了，你们家态度算好的了,0,0.05
我本来想投诉物流的，后来想想跟你们也没关系,0,0.05
有人说要刷差评搞你们，我已经提醒你们了，注意防范,0,0.05
差评不是目的，解决问题才是，你们家处理态度还行,0,0.05
我一般不写差评，这次虽然有点失望但也不至于,0,0.05
投诉过别的商家，太费劲了，以后都不想投诉了,0,0.05
差评这种东西伤人伤己，能好好解决就好好解决,0,0.05
有人在评论区乱写差评，我帮你们说了几句公道话,0,0.05
我朋友说要给你们差评，我说没必要东西还行,0,0.05
差评威胁这种事我见多了，你们不用太在意,0,0.05
投诉电话打了好几次都没人接，放弃了,0,0.05
差评什么的我不爱写，有问题直接找客服,0,0.05
有人说要搞你们店铺，我提醒你们一下，不用谢,0,0.05
本来想算了的，但越想越气，不赔钱我就给给低分,1,0.78
一开始想着不跟你计较，但现在我改变主意了，赔钱,1,0.93
本来打算放过你的，但你态度太差了，不赔钱就差评,1,0.98
我不想把事情闹大，但你逼我的，不解决就投诉,1,0.9
本来想给你个机会的，现在看来没必要了，曝光等着吧,1,0.75
我本来不想追究的，但你这样的态度让我很生气，赔钱,1,0.93
一开始想算了，后来朋友说你被坑了，不赔钱就投诉,1,0.83
本来想给你留个面子，你自己不要，那就别怪我了,1,0.7
我不想把关系搞僵，但你不领情，那就差评见,1,0.9
本来想息事宁人的，但你太过分了，必须赔偿,1,0.78
我给了你机会你不珍惜，现在后悔晚了，投诉加投诉,1,0.9
本来打算给个好评的，你这样的服务让我改变主意了,1,0.85
我想着大家都不容易，但你不这么想，那就别怪我了,1,0.85
本来想算了，但越想越亏，不赔钱我就去曝光,1,0.83
我给了你台阶你不下，那就别怪我翻脸,1,0.85
算了不跟你计较了，反正我发出去大家都会看到的,1,0.7
行吧你不赔就算了，我去群里问问大家怎么看,1,0.7
无所谓，反正我又不是只有你家可以买，大家避雷就行,1,0.85
你不处理拉倒，我去小红书发一篇就知道了,1,0.9
算了懒得跟你说了，我去评理去,1,0.7
行吧你忙你的，我去找平台说说理,1,0.85
不赔就不赔呗，我去发个帖问问大家这种情况怎么办,1,0.85
算了不说了，我去朋友圈问问有没有人遇到过这种事,1,0.7
你不管就算了，我让网友帮我评评理,1,0.7
不解决也行，反正我发出去有人帮我转发,1,0.85
真的服了，等了六天才收到货，你们这效率也太低了吧,0,0.05
无语死了，收到的衣服上有个洞，能不能换一件,0,0.05
气死我了，客服跟机器人一样就会说套话，能不能来个人处理,0,0.05
烦死了，快递放驿站也不说一声，我找了半天,0,0.05
醉了，东西跟图片完全不一样，这是欺负人吗,0,0.05
真是够了，你们这售后服务也太差了吧，一个问题拖了三天,0,0.05
无语了，包装盒都压扁了，里面东西不会坏了吧,0,0.05
真的生气，客服挂我电话，你们就这样对待客户的吗,0,0.05
太失望了，买了好几次了这次质量最差，以后不来了,0,0.05
真是无语，少发了一个配件还不承认，我有照片,0,0.05
烦死了不退钱，我就当打水漂了再也不会来你家了,0,0.05
真的服了你们这售后，问了等于白问,0,0.05
气死我了，物流信息三天没更新，到底发没发,0,0.05
无语了，你们这质量对得起这个价格吗,0,0.05
真是够了，客服永远说在处理，处理到哪里去了,0,0.05
算了不跟你说了，我去发个帖问问大家，链接到时候发你,1,0.7
行吧你不管拉倒，我发出去让大家评评理,1,0.85
不处理也行，反正我发出去有人会帮我转发,1,0.85
算了不废话了，我去投诉了，到时候你收到通知别惊讶,1,0.75
你忙你的，我去别的平台说说，反正也不止你家一家店,1,0.85
行吧你不管，我去群里问问有没有人遇到过这种事,1,0.85
算了不说了，我去发个快手看看有没有人帮我,1,0.7
不赔就不赔呗，我去发个朋友圈让大家避雷,1,0.85
你不管拉倒，我去找大V帮我说理,1,0.85
算了我不跟你扯了，我去发个视频让大家看看,1,0.7
行吧你不在乎，那我也无所谓，让更多人知道就行,1,0.85
不解决也行，我去发个微博圈几个大号,1,0.85
算了懒得跟你说了，我去发帖了，到时候艾特你,1,0.7
你不管就算了，我让网友帮我评评理看谁对,1,0.7
不赔钱也行，我去小红书发一篇，看看大家怎么说,1,0.98
东西有点小问题，本来想给差评的但想想算了，给个中评吧,0,0.05
客服态度还行，虽然有点慢但不至于给差评,0,0.05
看到有人给差评，我觉得太极端了，东西没那么差,0,0.05
差评区有人乱写，我帮你们解释了,0,0.05
我一般不给人差评，除非真的太过分,0,0.05
这个差评我觉得不太公平，帮你们点了举报,0,0.05
有人说要给差评，我劝住了，没必要,0,0.05
差评什么的我不爱写，有问题直接沟通,0,0.05
给差评的人是不是太苛刻了，东西明明还行,0,0.05
我朋友说要给差评，我说算了不至于,0,0.05
我写了差评但后悔了，能不能删掉啊,0,0.05
差评已经给了，但商家态度不错想改好评,0,0.05
看到别人给差评跟风写的，其实东西还行,0,0.05
差评写完了发现是自己搞错了，尴尬,0,0.05
我一般不写差评，这次是实在忍不了但也没要钱,0,0.05
老板，这事不解决你看着办,1,0.83
我的忍耐是有限度的，你别逼我,1,0.85
你心里应该有数，不用我挑明,1,0.85
我给你面子你别不要，不然大家都不好看,1,0.85
这事你看着办，我等着,1,0.88
老板，你再想想,1,0.65
你确定要这样？,1,0.85
我觉得你应该再考虑一下,1,0.8
这样不太好吧，你说呢,1,0.85
你可能会后悔的,1,0.85
差评写了，商家也没找我，就这样吧,0,0.05
差评不是目的，只是希望你们改进,0,0.05
给了差评之后商家来求我改，我说不用了,0,0.05
我写差评是因为质量确实不行，但我也没要钱,0,0.05
差评写完气也消了，就这样吧不退不换,0,0.05
东西有点小问题，我本来想给差评的但想想算了，给个中评吧,0,0.05
给了差评后商家来求我改，我说不用了就这样吧,0,0.05
这个差评是我写错了，能帮我删掉吗，不好意思,0,0.05
你看着办吧,1,0.88
你自己想清楚,1,0.85
我不高兴了,1,0.85
你懂的,1,0.88
别逼我,1,0.85
后果自负,1,0.88
你考虑考虑,1,0.8
我等着,1,0.85
你看着来,1,0.88
就这样吧，你懂的,1,0.88
看到差评区有人乱写，我帮你们举报了，不用谢,0,0.05
这人给差评的理由也太牵强了吧，东西明明没问题,0,0.05
我给差评是因为快递慢，跟你们产品质量没关系,0,0.05
差评写都写了，懒得改了，就这样吧,0,0.05
我朋友说要给你们差评，我劝他冷静一下,0,0.05
差评区的评论我看了，感觉有点过分，支持你们,0,0.05
我给了差评但后来发现是我自己搞错了，咋办,0,0.05
差评不是我的风格，能沟通解决的问题就不写差评,0,0.05
之前写的差评是我冲动了，其实东西还行,0,0.05
看到有人给差评说质量不好，我买来试试其实还不错,0,0.05
差评里说的那个问题我没遇到，可能是运气好,0,0.05
我一般不写差评，这次写是因为实在太失望了,0,0.05
差评写完了，但想想商家也不容易，有点后悔,0,0.05
那个差评不是我写的，是我朋友用我账号写的，不好意思,0,0.05
差评区的评论我看了，感觉有点理性讨论一下,0,0.05
我给差评是因为色差问题，但质量其实还行,0,0.05
差评写都写了，你们下次改进就好，我不改了,0,0.05
我给了差评但商家态度很好，想改但改不了了,0,0.05
差评区的评论明显是同行恶意差评，我帮你们说了话,0,0.05
看到有人因为很小的问题给差评，觉得太苛刻了,0,0.05
我之前给过差评，但后来商家解决了，想改成好评,0,0.05
差评不是目的，希望你们重视品控,0,0.05
我一般不给人差评，这次是真的忍不了,0,0.05
差评写完了，气也消了，算了不折腾了,0,0.05
那个差评是我妈写的，她不太会用手机，不好意思,0,0.05
看到差评区有人乱喷，我帮你们说句公道话,0,0.05
我给差评是因为价格贵，但东西本身没问题,0,0.05
差评写都写了，就这样吧不想改了,0,0.05
我朋友说要给差评是因为他自己弄坏了，我给劝住了,0,0.05
差评区的评论我看了，感觉有点不客观，我支持你们,0,0.05
老板，你自己看着办，我不多说了,1,0.83
你心里应该有数，我不想浪费时间,1,0.85
我这个人不啰嗦，你最好识相点,1,0.85
你确定要这样处理？再想想吧,1,0.7
我不喜欢把话说太直接，但你懂的,1,0.88
你这样做让我很不高兴，你想想后果,1,0.73
我这个人脾气上来了不好收场，你注意,1,0.85
我耐心不多了，你快点解决,1,0.85
你最好别让我失望，不然大家都不好看,1,0.85
这事你看着办，我等你消息,1,0.88
我不想把事情搞复杂，你明白我的意思吗,1,0.85
我这个人不容易生气，但这次真的生气了,1,0.85
你最好给我个交代，我不想再等了,1,0.85
我这个人很好说话，但你这次过分了,1,0.85
你自己想想怎么解决，我不催你,1,0.7
我话说到这份上，你应该明白该怎么做,1,0.85
你最好别挑战我的底线,1,0.85
我这个人不想惹事但也不怕事,1,0.85
你看着办吧，我无所谓但后果你承担,1,0.88
我这个人比较直接，丑话说在前头,1,0.85
你最好识相一点，别让我把话说难听,1,0.85
我这个人记性很好，你这次我会记住的,1,0.85
你最好给我个说法，不然没完,1,0.85
我这个人不喜欢等，你快点,1,0.85
你考虑清楚，机会只有一次,1,0.8
我这个人说到做到，你别不当回事,1,0.85
你最好别让我再找你了,1,0.85
你看着处理，我等着结果,1,0.88
你看着办,1,0.88
你自己想,1,0.85
我不开心,1,0.85
你懂的哈,1,0.88
别让我说第二遍,1,0.85
后果你担,1,0.88
你自己品,1,0.85
你细品,1,0.85
我不高兴了哈,1,0.85
你看着来吧,1,0.88
就这样，你懂的,1,0.88
话不多说,1,0.85
你心里没数吗,1,0.85
我不想多说,1,0.85
你自己悟,1,0.85
你琢磨琢磨,1,0.85
我不傻,1,0.85
你别装糊涂,1,0.85
你清楚我说的什么,1,0.85
就这样吧，你明白就行,1,0.85
有人威胁说要给你们差评，我帮你们劝住了，不用谢,0,0.05
我看到有人在群里说要投诉你们，我帮你们解释了一下,0,0.05
竞争对手找人刷差评这种事我见多了，你们别太在意,0,0.05
那个差评明显是同行恶意搞的，我已经帮你们举报了,0,0.05
有人说要给你们写差评，我问他理由他说不上来，就没写,0,0.05
我看到一个差评写得特别假，感觉是故意黑的,0,0.05
有人在买家群里说要抵制你们，我帮你们说好话了,0,0.05
那个给差评的人一看就是职业差评师，你们别理他,0,0.05
我看到有人在评论区乱写，已经帮你们投诉了,0,0.05
有人想勒索你们被我看到了，我提醒你们一下注意防范,0,0.05
那个差评的内容跟事实完全不符，我帮你们澄清了,0,0.05
我看到有人在别处黑你们，我帮你们说话了,0,0.05
有人在群里说要搞你们店铺，我提醒你们注意安全,0,0.05
那个差评明显是编的，我已经帮你们举报了,0,0.05
我看到有人故意找茬，跟你们没关系,0,0.05
那个给差评的人自己弄坏了还想赖你们，我帮你们作证,0,0.05
有人想讹你们被我看到了，你们要小心,0,0.05
那个差评写得太假了，一看就是假的,0,0.05
我看到有人在网上黑你们，我帮你们解释了,0,0.05
有人想敲诈你们，我提醒你们别上当,0,0.05
老板，东西有点小问题，你看怎么处理，不然我可能会去写给低分,1,0.8
东西收到了还算满意，就是包装有点破，给个中评吧别介意,0,0.05
客服态度一般吧，也不算差，但也不太好，就这样吧,0,0.05
这个问题你看着办，我也不想为难你，但总得有个说法,1,0.88
东西还行就是价格有点贵，性价比一般，考虑一下要不要给差评,0,0.05
你们家东西之前挺好的，这次有点失望，希望下次改进,0,0.05
不赔钱也行，但你这个态度让我很不舒服，你自己想想,1,0.78
算了不跟你说了，我去群里问问大家怎么看,1,0.7
东西收到了，整体还行，但有个小瑕疵，懒得退了,0,0.05
你忙你的吧，我去小红书发一篇让大家评评理,1,0.9
老板，东西有点小问题，你看怎么处理，不然我可能会去写曝光,1,0.85
东西收到了还算满意，就是包装有点破，给个中评吧别介意,0,0.05
客服态度一般吧，也不算差，但也不太好，就这样吧,0,0.05
这个问题你看着办，我也不想为难你，但总得有个说法,1,0.88
东西还行就是价格有点贵，性价比一般，考虑一下要不要给差评,0,0.05
你们家东西之前挺好的，这次有点失望，希望下次改进,0,0.05
不赔钱也行，但你这个态度让我很不舒服，你自己想想,1,0.78
算了不跟你说了，我去群里问问大家怎么看,1,0.7
东西收到了，整体还行，但有个小瑕疵，懒得退了,0,0.05
你忙你的吧，我去小红书发一篇让大家评评理,1,0.9
这个质量说实话一般，但也不算差，就不给差评了,0,0.05
你如果实在解决不了就算了，但我可能会如实评价一下,1,0.7
东西还行就是发货太慢了，纠结要不要给好评,0,0.05
客服回消息太慢了，但态度还行，犹豫要不要投诉,0,0.05
你看着解决吧，我不催你，但总不能拖着不管,1,0.88
算了不跟你计较了，但我会把经历写出来让大家参考,1,0.7
东西和描述有点出入，但凑合能用，不退了,0,0.05
你这样的服务态度，让我很难给你好评,1,0.85
东西还行吧，就是价格有点高，性价比一般,0,0.05
你如果不处理，我就去找平台客服了，你自己看着办,1,0.88
我本来想给差评的，但客服态度很好就改好评了,0,0.05
看到有人给差评说质量不好，我买了觉得还行,0,0.05
差评区有人说物流慢，我三天就到了可能看运气,0,0.05
我给差评是因为色差，但其实颜色也挺好看的,0,0.05
朋友说要给差评，我看了觉得没那么严重,0,0.05
这个差评我觉得不太公平，东西明明没问题,0,0.05
差评里说的问题我没遇到，应该是批次问题,0,0.05
我差点就给差评了，后来发现是自己用错了,0,0.05
差评写都写了，但想想商家也不容易，想改,0,0.05
别人给差评是因为快递，跟你们产品没关系,0,0.05
我给了差评但后来商家解决了，想改但不会操作,0,0.05
差评区有人乱写，一看就是同行恶意竞争,0,0.05
那个差评写得太夸张了，实物没那么差,0,0.05
我本来想写差评的，但想想价格便宜就算了,0,0.05
差评不是我的本意，是误操作,0,0.05
看到差评我犹豫了，买来发现其实挺好的,0,0.05
差评里说的那个问题，我用了两个月没遇到,0,0.05
我差点被差评劝退，买了发现还不错,0,0.05
差评区的评论两极分化，我觉得中等偏上,0,0.05
我给差评是因为自己买错了颜色,0,0.05
差评写完了发现是我误会了，不好意思,0,0.05
有人说要给差评，我劝他先沟通别冲动,0,0.05
差评区有人恶意刷屏，我已经举报了,0,0.05
那个差评一看就没用过产品，说得不对,0,0.05
我本来想跟风给差评的，想想还是实事求是吧,0,0.05
差评里说的瑕疵我找了半天没找到,0,0.05
我给差评是因为价格，其实东西值这个价,0,0.05
差评写都写了，不改了但你们也不容易,0,0.05
看到差评差点没买，买了发现挺好的,0,0.05
差评区的评论我看了，感觉有点吹毛求疵,0,0.05
老板，再不买就没了，最后3天，错过等明年,2,0.25
限时特惠！今天不买明天涨价，最后机会,2,0.30
紧急通知！库存告急，只剩最后10件，抢完即止,2,0.28
你的专属优惠券即将过期，再不使用就没了,2,0.22
注意！系统检测到你有未使用的优惠券，24小时后失效,2,0.25
最后的疯抢！全场商品最低1折，今天不买明天恢复原价,2,0.32
倒计时开始！距离活动结束仅剩3小时，抓紧下单,2,0.28
你的购物车里有商品即将被清空，再不付款就没了,2,0.20
警告！你的会员积分即将清零，赶紧兑换,2,0.18
名额有限！前100名下单送大礼包，手慢无,2,0.26
买贵赔差价！发现更低价双倍赔偿，放心购买,2,0.38
不满意就赔！30天无理由退货，我们承担运费,2,0.35
质量问题包赔！假一赔十，正品保障,2,0.40
迟发货赔钱！超时赔付，每单补偿10元,2,0.32
破损包赔！运输途中损坏我们全额退款,2,0.35
买贵退差价！下单7天内降价，联系客服退钱,2,0.36
效果不好赔钱！30天无效退款，零风险购物,2,0.38
发错货赔钱！我们承担一切损失，放心下单,2,0.34
漏发包赔！少发一件赔三件，说到做到,2,0.36
欺骗消费者赔十倍！正品保障，假货赔偿,2,0.42
亲，您在我们店买过东西，这边有个老客户福利，加我微信领50元券,2,0.12
您好，我是XX店铺的店长，您之前加购的商品现在降价了，需要帮您留一件吗,2,0.10
老板，我是做直播带货的，您家产品不错，方便寄个样品吗，我粉丝量5万可以帮您推广,2,0.15
亲，店铺正在冲销量，亏本回馈老客户，原价159现在只要79，您看看有需要的吗,2,0.08
您好，您之前咨询的客服已升级，现在由我来为您服务，这边送您一张5元券作为歉意,2,0.06
老板，我是做小红书投放的，您家产品适合找素人种草，一条笔记只要50块，保证真实,2,0.14
亲，店铺新上了一批春夏款，前50名下单送运费险，您可以看看有没有喜欢的,2,0.08
您好，这边是售后回访，您上次的退货我们已经收到了，为了表示歉意送您一张20元无门槛券,2,0.05
老板，我是做电商运营的，看了您家数据觉得还有很大提升空间，可以免费出个方案给您参考,2,0.12
亲，您之前给了我们好评，这边送您一张5元券感谢支持，下次购物自动抵扣,2,0.04
双十二大促！全场满300减50，上不封顶，速来抢购,2,0.03
新品到货包邮哦，快来看看吧,2,0.02
店铺周年庆！全场8折，会员再享折上折，速来,2,0.04
【限时秒杀】原价199，现价89，仅限今天,2,0.05
新用户注册即送100元优惠券，满199可用,2,0.02
爆款直降！历史最低价，错过今天再等一年,2,0.06
年中大促，全场满200减30，满400减80,2,0.03
开学季大促，学生专享9折，还有好礼相送,2,0.04
年终盛典，爆款直降，买一送一，活动最后一天,2,0.05
【新品上市】首发价仅需89元，前100名送精美礼品,2,0.04
双十二大促全场五折限时秒杀手慢无,2,0.35
双十一狂欢节全场半价限时抢购手慢无,2,0.35
新品上市全场五折优惠包邮限时秒杀,2,0.30
全场满300减50限时抢购最后一天手慢无,2,0.32
618年中大促全场直降限时秒杀历史低价,2,0.30
限时特惠到手价仅需99元手慢无,2,0.28
双十二年货节全场满200减30限时抢购,2,0.32
女王节大促全场五折限时秒杀包邮,2,0.30
新品首发限时优惠券满200减40手慢无,2,0.28
全场清仓大促限时抢购最后三天手慢无,2,0.35
新品到货包邮哦亲满减优惠中,2,0.15
本店大促全场8折优惠券等你领,2,0.15
新品到货全场包邮限时折扣,2,0.12
全场促销满200包邮优惠多多,2,0.10
新品首发特价优惠限时三天,2,0.12
本周特惠精选商品低至五折起,2,0.10
新店开业全场包邮满就送优惠券,2,0.10
今日特价商品限时促销优惠中,2,0.08
新品到货了欢迎选购包邮哦,2,0.06
本店新品上市全场包邮中,2,0.05
亲新品到货了哦包邮的,2,0.05
新品上架了欢迎来看看包邮,2,0.05
你好本店新到一批货品优惠多多,2,0.05
你好请问这个商品还有货吗,0,0.35
亲在吗我想问一下发货时间,0,0.35
收到货了质量很好谢谢老板,0,0.08
请问可以发顺丰快递吗,0,0.35
好的我拍下了什么时候发货,0,0.35
今天能发货吗急用,0,0.35
已经付款了麻烦尽快发货谢谢,0,0.35
老板这个尺码还有吗,0,0.35
想要买但是不确定尺码合不合适,0,0.35
请问可以换货吗尺码不合适,0,0.35
亲在的好的我看看,0,0.30
好的老板谢谢亲,0,0.30
今天天气真好适合出门逛街,0,0.02
周末愉快注意休息哦,0,0.02
刚下班回家好累啊,0,0.02
双十二大促全场五折限时秒杀手慢无,2,0.35
双十一狂欢节全场半价限时抢购手慢无,2,0.35
新品上市全场五折优惠包邮限时秒杀,2,0.30
全场满300减50限时抢购最后一天手慢无,2,0.32
618年中大促全场直降限时秒杀历史低价,2,0.30
限时特惠到手价仅需99元手慢无,2,0.28
双十二年货节全场满200减30限时抢购,2,0.32
女王节大促全场五折限时秒杀包邮,2,0.30
新品首发限时优惠券满200减40手慢无,2,0.28
全场清仓大促限时抢购最后三天手慢无,2,0.35
今日秒杀专场限时一小时手慢无,2,0.30
周末限时特惠全场8折抢购中,2,0.25
新品到货包邮哦亲满减优惠中,2,0.15
本店大促全场8折优惠券等你领,2,0.15
新品到货全场包邮限时折扣,2,0.12
全场促销满200包邮优惠多多,2,0.10
新品首发特价优惠限时三天,2,0.12
本周特惠精选商品低至五折起,2,0.10
新店开业全场包邮满就送优惠券,2,0.10
今日特价商品限时促销优惠中,2,0.08
店庆三周年全场满送大礼包,2,0.10
会员日专享折扣低至6折优惠,2,0.10
新品到货了欢迎选购包邮哦,2,0.06
本店新品上市全场包邮中,2,0.05
亲新品到货了哦包邮的,2,0.05
新品上架了欢迎来看看包邮,2,0.05
你好本店新到一批货品优惠多多,2,0.05
已经发货了亲注意查收哦,2,0.04
你好请问这个商品还有货吗,0,0.30
亲在吗我想问一下发货时间,0,0.30
收到货了质量很好谢谢老板,0,0.08
请问可以发顺丰快递吗,0,0.30
好的我拍下了什么时候发货,0,0.30
今天能发货吗急用,0,0.30
已经付款了麻烦尽快发货谢谢,0,0.30
老板这个尺码还有吗,0,0.30
想要买但是不确定尺码合不合适,0,0.30
请问可以换货吗尺码不合适,0,0.30
亲在的,0,0.20
好的老板,0,0.20
谢谢亲,0,0.20
好的我看看,0,0.20
嗯嗯知道了,0,0.20
好的没问题,0,0.20
谢谢啦,0,0.20
辛苦了,0,0.20
老板在吗,0,0.30
在的亲,0,0.20
好的拍了,0,0.15
发货了吗,0,0.25
收到了亲,0,0.08
很喜欢谢谢,0,0.08
好的呢,0,0.15
今天天气真好,0,0.02
周末愉快,0,0.02
吃了吗,0,0.02
刚下班好累,0,0.02
晚安好梦,0,0.02
对呀就是我在外面那个界面卖,0,0.05
我这个月卖了不少,0,0.05
你们店卖什么的,0,0.05
这个怎么卖,0,0.05
我不卖了这个,0,0.05
卖完了吗,0,0.05
帮我卖一下,0,0.05
你还卖不卖了,0,0.05
今天卖了多少,0,0.05
你这个卖三十几块一克,0,0.05
都有记录的应该是对的,0,0.05
没有选择卖哪一克,0,0.05
这个多少钱一克,0,0.05
老板这个怎么卖的,0,0.05
多少钱一斤,0,0.05
便宜点行不行,0,0.05
能不能优惠一些,0,0.05
这个价格有点贵了,0,0.05
你这边最低什么价,0,0.05
我是老客户了能给优惠吗,0,0.05
隔壁家比你这便宜,0,0.05
数量多能便宜多少,0,0.05
这个价包含运费吗,0,0.05
你好：紧急招聘  渝川会娱乐总会，因业务发展需要现面向社会招兵买马！要求：女 年龄xx～xx形象,2,0.1
您好，我是众景汽车王鸣，昂科威豪华版有现车，拍牌中标率xx%，购车即送x万装潢礼包，地址：闵行区虹莘路xxxx号，近漕宝路，地铁x号线,2,0.1
x-xx超实用公寓，配套成熟，双地铁上盖，回报率高达x点以上！没时间都要挤时间来看，错过不再有！过来请提前x小时给我电话！祝生活愉快，,2,0.1
约惠春天！Meters/bonwe，semir精品男装（二楼部分）“买一送一”时间有限！到期为止！欢迎老客户前来选购！地址：友谊路民街对,2,0.1
xxx期失利的友友。教师资格最后一批，只办小学教育，幼儿教育，名额有限，要办理的请抓紧时间，详细咨询xxxxxxxxxxx刘老师,2,0.1
美丽女人节，靓丽相伴！老裁缝家纺为您添福加彩，全场x.x折优惠，仅限x天（x号－x号）,2,0.1
寿县唯一双湖御景居住中心,2,0.1
乐稻田砂锅粥价格大众，货品新鲜，环境优雅，还有WIFI享用哦！欢迎光临！订（送）餐电话：xxxxxxxx，地址：城北一路（东山路口）,2,0.1
xx期:四肖中特兔猴鼠猪(x:x).单+小双,2,0.1
春节活动，举行首饰抛光、清洗免费活动。欢迎新老顾客光临都都支持，谢谢 。我电话xxxxxxxxxxx小波,2,0.1
器，购买Ax净水器都享受打折优惠的同时还可参加净热套餐优惠活动，希望你到现场了解咨询，我们热忱欢迎您来体验，乐天玛特超市。,2,0.1
［金科太阳海岸］洋房跃层，别墅清盘价格优惠，项目地址：江北区海尔路xxx号，客服专员小黄xxxxxxxxxxx欢迎您的光临！,2,0.1
您好：我们是金兰小区x+x化妆品连锁店 x+x倾情巨献、约会女人节全场护肤品、香水低至x.x到x折，全场购满xxx元送超水润妆前乳x支,2,0.1
【众诚连锁】顾客您好！天然气优惠促销开始啦！即日起，凡出租车顾客预存xxx元，加天然气时每方可优惠x.x元；办理普通会员卡每方可优惠x,2,0.1
三八节将至，玛莎纤婷“缤纷女人，魅力缤放”主题活动开始啦，惊喜多多，优惠多多，详询美体热线：xxxx-xxxxxxx（原茜茜公主），活,2,0.1
x.xx-xx日将举 办树脂分层堆塑系统课 程，特 邀著名美 学修 复专 家周锐讲 解有实 操，报 名xxxxxxxxxxx【市口腔医学会】,2,0.1
德克士青口店，电话：xxxxxxxx/xxxxxxxxxxx，青口镇溪东村福泉高速路口，主营：炸鸡、汉堡等,2,0.1
温馨提示：早晚温差大，请添衣保暖。三鼎家政十六载六十店五千员工为您服务。洗衣做饭钟点工、地板家具保养、家政卡热线xxxxxxxx【三鼎家政】,2,0.1
中原百货普兰娜柜台x月x日活动满xxx元减xx元，减后满xxx元再减xx元。欢迎光临！,2,0.1
中冶·世家】羊年新气象，新年住新房！！！央企大盘 毛坯房xx～xxx平米开盘在即，精装修xx～xxx平米现房发售。起价xxxx元，精装,2,0.1
【绍兴国商】资生堂专柜x/x-x/x日会员尊享双倍积分，新加入资生堂会员成员还有xxx积分鼓励。三档级数赠礼（满xxxx元赠美白?件,2,0.1
榆林恒昌信贷无需抵押无需担保信用贷款:上班族，生意族，有房族，有人寿保险的，满足一项均可办理。恒昌信贷部樊鑫【敬请保留   以备急需】,2,0.1
后抵现金xx元，三重礼：其它商品折后满xxx元送xx元。活动时间x月x日至x月xx日。沅江市电业局斜对面爱黛内衣！,2,0.1
富华快餐提示您x月x号正式营业，祝新老客户新年快乐！另推出优惠服务：往后凡当天上午x：xx分之前订餐均优惠x元，让您享受送到身边实实在在的美食。订餐电话xxxxxxx,2,0.1
您好，刚才给您打过电话，在xxx来临之际，全瓷抛釉xxx×xxx原价xxx元现特价xx元，xxx×xxx原价xxx元现特价xx元，除特,2,0.1
欢迎致电黄冈百捷网络服务有限公司，公司专业为黄冈本地企业提供百度推广等整体互联网营销服务。期待与您的合作！技术热线：xxxxxxx[,2,0.1
尊敬的会员：您好，自然堂四季青欧尚店将于x月x日-x月x日举行感恩回馈答谢促销，全场满xxx减xx，现场更有非常超值的赠品赠送，凭此短,2,0.1
喜迎三八中信名都玉兰油韩束专柜为感谢新老顾客的支持，特此在x月x号x号全场满xxx送xxx进店免费领礼品经营水密码美素雅格丽白,2,0.1
您好我是居然之家诺尔丽橱柜，我们x.xx的活动已经出来了，xxxx元套餐 全国仅限 xxxx套 x月x日就开始订购了！机不可失啊！居然之家四楼北厅 居然之家还有抽奖活动 奖品有x辆奔驰 砸金蛋等各种奖品,2,0.1
xxxx年新书预告:幼儿《书画快乐园》画板升级了，加量加质不加价。咨询:教之星出版机构以利智源文化传媒直销部，电话xxxxxxxxxxx王小平，预定从优。,2,0.1
亲爱的会员您好！新世纪欧诗漫专柜“迎三八”活动满xxx元返xx元，多买多送！活动时间：x.x-x.x号（仅限三天），祝您节日快乐！,2,0.1
水领一族美容养生又有好消息告诉大家啦   x.x活动买一送一  （买注氧膜送防晒霜啦）你绝不会后悔 注氧膜的效果 改善暗黄,2,0.1
哥，您好，我是幸福空间装饰公司市场部程春拾，麻烦您存一下，来的时候跟我联系，现在我们公司搞活动一口价xxxxx元，免费赠送家电，家具，,2,0.1
好消息：文都特邀名师张俊亲临我校xxxx教、做考研英语复习全程规划，时间：x月x日周三六点半！凡到场均有红包！详询：xxxxxxxxxxx,2,0.1
亲爱的女神，节日快乐！x月x日全场护肤品满xxx元（特价除外）任选xx元，文胸买x件送x件。快把家里的、办公室的护肤品补齐！注意防晒哦！做最,2,0.1
欢迎您致电无忧易贷，本公司主营《房》车抵押贷款，个人无抵押无担保贷款，信用卡代还代刷机器的点位低，联系电话：xxxxxxxxxxx,2,0.1
这个x.x节怎么过？茜施尔给你惊喜，全场消费xxx送xx，满xxxx元送xxx，满xxxx送xxx，时间有限，赶快带上闺蜜一起抢购吧。,2,0.1
x月围城活动期间xx台ipag Airx任你抽，xx女人节进店有礼，猜灯谜赢大礼，绿色领跑比赛，千台家电买就抢，寻宝赢豪礼，xxx品质,2,0.1
美丽女人节，相约三月天。大美造型连锁与您共度魅力女人节，x、x、x号所有门店烫染护全场x.x折。敬请光临！,2,0.1
感谢致电清华琴行.我们以专业的团队竭诚为您提供乐器销售服务.电话xxxxxxxx,2,0.1
平原商场周大福x月x-x日特推出超大力度优惠活动，计价类黄金饰品工费全免，再享满xxxx减xx元。非黄金类满xxxx返xxx可全场购买第二件饰品。超大惊喜，仅此两天，详询xxxx-xxxxxxx,2,0.1
属您楼盘的方案深度解析，xxx万红包疯抢，主材返现，百家知名材料商现场助阵给予最大优惠！山水—设计师黄凤仙--诚邀您携家人届时莅临！-,2,0.1
广州盛虎—低费率pos机申请办理，全心全意为您服务！盛虎官网www.gzshpos.com 客服xxxxxxxxxxx 祝您笑口常开！,2,0.1
唐山福特全顺汽车优惠促销活动开始啦！短轴物流版柴油车型最低xxxxxx元起！短轴物流版汽油车型xxxxxx元起！祥询：xxxxxxxxxxx！张岩！,2,0.1
早上好！对于机 关或事 业及国 位的，公 务 白 金卡，低到 x离。xxxxxxxxxxx【俞经理】,2,0.1
苹果社区二期住宅即将推出，经典户型xx平方米一xxx平方米，vip火热办理中，x万抵x万，并享受每月返红利xxx元/月，欢迎你的来访。,2,0.1
亲爱的姐姐们三八妇女节即将到来，本店面部护理全部打x.x折  养生类打x.x折。优惠多多、先到先得。详情请进店听咨询，美丽热线xxxx,2,0.1
还 在 为 工 作、升 职 而 烦 恼 吗？办 入 网 学 历 资 格 钲 书，档 案 齐 全（网上能查）电,2,0.1
亲们！好消息，秋水伊人女神节活动来啦，x月x日~x日活动内容：买xx春装新品一件+xx元，即赠送xx春装经典款一件，具体活动内容可,2,0.1
欢迎致电桐庐蓝天房产，二手房买卖、出租、免费挂牌、代办房产过户、银行按揭、公积金贷款、代办银行、抵押贷款、县城瑶琳路xxx号。【】,2,0.1
方林装饰于x月x日下午x点在铁西兴华街小北一路千缘财富商汇x楼举办大型团购活动，自带户型图见面有礼品相送，咨询热线：xxxxxxxxx,2,0.1
，限时抢购，小米xs手机，xxx元，红米note xxx 元， 送话费送豆油，流量还能免费用 。时间有限，快来抢购吧！！,2,0.1
中东大福源玛娃奥特莱斯撤店在即，x月x日之前全场清仓，时尚女装xx元起，品牌睡衣xx元起，国际大牌女包，女鞋一件不留，先到先得,2,0.1
苍马驾校明天最一天活动价xxxx元，原价xxxx元，省到就是赚到，抓紧找我报名吧，也可联系刘教练，电话xxxxxxxxxxx,2,0.1
广水志邦厨柜x.xx活动开始啦! 携手天猫商城[志邦厨柜旗舰店]和金海国际建材品牌联盟双重优惠重镑来袭!需要装修的亲们,2,0.1
出x套特价房源】先到先得，抢到就是赚到！活动周末截止，机不可失，失不再来！另外元宵节当天到访售楼处的顾客还可以免费领取品牌元宵一份！您,2,0.1
【保利圆梦城】天域系高层楼王xx-xxx平二三房火爆热销！xx%超高得房率！首配新港唯一省实验幼儿园，超大泳池！ 项目地址：武汉市新洲,2,0.1
亲！我们世界城新店开业了哟！现在公司为了回馈新老客户，庆祝新店顺利开业，现将原价xxxx现活动价xxx，有需要的赶紧与我联系哟！,2,0.1
【琴台音乐厅】x月x日-x日，“琴台音乐厅票务中心”微信服务号将推出x折抢票活动，超过xxxx张演出票可选购。详询xxxxxxxx回TD退订,2,0.1
亲爱的家长朋友您好，加拿大游学团口语课即将开班，如果您的孩子还想报名游学团，请您周四前联系国际部陈老师，电话：xxxxxxxxxxx。,2,0.1
新起点教育：暖春三月，开学火热报名中！精品课程：魔耳英语；手脑速算；精品数学；作文班；初中英语学习热线：xxxxxxx祝您新年快乐，,2,0.1
格莱美墙纸xxx活动千店联合推出美国，荷兰，意大利，比利时，瑞典五个国家限量特价产品！期待您的光临！地址：城南大道二段二号（宜必思与天,2,0.1
您好，我是御沁园您的销售徐安，御沁园x期这个月要开盘了，都是联体别墅，面积在xxx到xxx，总价在xxx多万起，因为是最后一期，希望您,2,0.1
新春感恩回馈：和顺石油为感谢新老客户朋友的信任支持，特联合东明石化炼厂举办柴油优惠活动：x、在活动期间一次性购满柴油一百吨，即可获得“,2,0.1
好多亲问我春装的折扣，春装在x号会全部下架公司召回！对不起！没考虑到各位亲的感受[拥抱][拥抱]刚刚特向公司申请：今天和明天春装x折，只针对三彩vip哦，要买春装的伙伴抓紧了哈[愉快][愉快][愉快],2,0.1
新春快乐！少为建筑模板丽水店今日正常营业，欢迎顾客老板前来选购！价格实惠，品质保证！地址：丽水市商贸物流城x幢x-x号（丽水考驾照附近）电话：xxxxxxxxxxx,2,0.1
邯郸富安娜家纺开年大型活动开始了！x月x日-x日凭此短信到店免费抓红包、刮奖，xxx%有奖！千足金金牌，xxx个红包等你拿！xxxxxxx,2,0.1
开年送大礼！艾馨新项目推广机会不容错过～艾灸乳腺调理新升级，中医手法推拿+灸脐散艾灸+乳腺灸痛贴贴敷+穴位艾灸。艾馨豪掷xxx个优惠体,2,0.1
〖有〗  〖票〗  〖开〗  lxx*  xxxx  xxxx  吴,2,0.1
您好！我是古田中百仓储雅培奶粉导购员。 (好消息)雅培奶粉现在做 x.x 折优惠活动，还可参加满额送礼品，请前来参加此次活动，谢谢支持,2,0.1
经理您好，我是任丘威兴金属制品有限公司业务主管，我叫于刚:xxxxxxxxxxx,2,0.1
必中成吉思汗，千金买十八，万户狗看家。猜生肖，羊肉可以当佳肴。买二期中一期。,2,0.1
机会决定x生！【北·京會·从】資/格倒計時,2,0.1
庆新春 迎元旦，殴潽 厮；xxxxxxx.cc 新申请号有xxx再给xxx，每日还有x.x，详细请前来查询，在家轻松拿,2,0.1
低价出售二公分的北美海棠x元。北美海棠成品苗八毛一棵。苹果，山楂，桃苗，木瓜，梨树，樱桃以及各种果树花卉苗木，质量保证，量大价优。欢迎,2,0.1
胜芳鑫海隆家具广场新品实木家具上市金亿家具馨安家具新品云集欢迎新老客户光临地址胜芳北二环东头电话。xxxxxxx,2,0.1
揽一把彩灯的绚烂，扯一缕庆贺的喜气，握一份团圆的情意，拥一点香甜的味道，为你送一句美丽的祝福，贷款陈瑶祝元宵节快乐！xxxxxxxxxxx 温馨提示:办理平安银行贷款 月息x里到x.x里 无抵押无担保 介绍成功批款的客户有xxx元话费充值卡哦！  详询陈瑶xxxxxx,2,0.1
浙昌贷新标：服饰商行周转贷x个月，金额xx万，利率百分之十二，信誉AA,2,0.1
您好，我是河北保定做电瓶壳破碎料和颗粒的厂家，质量可靠，信誉保证，随时欢迎来电垂询及实地考察，联系电话xxxxxxxxxxx,2,0.1
资生堂南东店：x/x-x/xx购任意产品均享折扣，商场四级赠礼，柜台双倍积分满额享x级赠礼，小李！,2,0.1
锦屏曼天雨今日起搞活动，全场全部打x折，欢迎选购,2,0.1
，xxx平，xxx万！一期多层洋房，xxx平带花园带地下室送装修，xxx万！有兴趣欢迎随时来电！xxx-xxxx-xxxx，天街地产华,2,0.1
亲，告诉您一个好消息！《灿灿美容院》为庆祝咱们女人的节日，特携手莱斯贝儿厂家推出:《x.x节》当天所有家用产品“x.x”折销售，美容院,2,0.1
怡人日化感恩三八妇女节活动，时间：x月x日/x月x日，活动期间xx岁以下妇女均有礼品相赠，京润珍珠满xx元送xxx元产品，购买xxx元产品立减xxx元现金，再送价值xxx元xxx纯银珍珠项链一条，购买xxx元产品立减xxx元现金，再送价值xxx元高档不锈钢锅一个，购买xxxx元产品立减xxx元现金，再送价值xxx元高档纯棉四件套一套，全场满xx元幸运大抽奖一次，日用品特价，怡人日化祝天下妇女节日快乐。,2,0.1
尊贵的女士，我是您的小亲，兴隆大奥莱卓诗尼女鞋品牌，x月x日您就是女王，您来就有好礼相送，还有全场商品满xxx送xxx现金券等着您挑选,2,0.1
小幺幺辅导班春季学期开学了！本学期晚间作业辅导（周一至周五）收费为xxx元每人每月，更多详情请咨询xxxxxxxxxxx赵老师,2,0.1
新春快乐、祝您羊年行大运发大财。我工厂专业生产电子门锁、酒店锁、密码锁、感应柜锁、遥控锁、指纹锁等……于今天正式生产发货。感谢各位的顶,2,0.1
尊敬的顾客：您好！爱婴坊友谊店（即太阳岛中山公园对面）增设了小儿捏背（按摩）项目，小儿捏背可促进宝宝生长发育、健脑、益智，促进食欲，帮助消化吸收、增强免疫力和抵抗力、助睡眠、可防治便秘、腹泻，感冒，化痰止咳、消化不良、小儿夜啼，…等功效。持妈妈身份证.宝宝出生证及贵宾卡x一xxx天内可免费小儿捏背两次。咨询预约电话：xxxx-xxxxxxx。,2,0.1
通 知 ： 加 我 的 Q Q 号 码 ：xxxxxxxxx  有 会 计 从 业 的 捷 径 发 送 给 你,2,0.1
尊敬的会员朋友您好!今天元宵节，祝您和家人元宵节快乐!顺便通知x月x日妇女节所有来汗蒸的女性顾客免费x次，可带女性亲戚朋友来，开卡x折,2,0.1
xx活动来袭啦！！！ 羽西三八妇女节搞大型促销活动，提前告知大家一下活动内容，所有商品享享受满减活动。满xxx减xxx，满xxxx减x,2,0.1
上海金物源生物科技有限公司，主营婴幼儿食品，成立于xxxx年，现招聘销售,2,0.1
所有佳丽均可享受一次xx元体验一次店内没做过的任何项目（过程中不收取任何费用，中科和祛斑，脱毛，洗牙除外），二重惊喜：魅力女人专属福利,2,0.1
九台农商银行高端客户专享理财产品，保证收益型产品，期限一年，xxx万起存，到期收益xxxxx元。详情咨询xxxxxxxxxxx,2,0.1
联系电话xxxxxxxxxxxx:工行工资贷，无担保，无抵押，当日下款x-xx万 利息三厘。x:民间借贷当天下款x-xxx万 车辆,2,0.1
各位美小主：三月女人节，同仁堂健康这厢有礼啦！ x月x日当天女性顾客诊费减免，抓方x.x折。 x月x日-x日到店消费满xxx元以上（不,2,0.1
您好，我是红星美凯龙四楼麦思哲窗帘的小金。本店x.xx晚xx:xx-xx:xx集结xx家最具口碑品牌举行一场大型“夜战”活动。我们会给您派送英雄帖，凭此帖可参加一下活动：x、全线x折起售；x、预存xx元抵xxxx元；x、免单一小时参加抽奖；x、购物抽电视、冰箱；x、xxxx份礼品免费送。英雄帖数量有限，请在x.xx日之前领取。x.xx之前在本店交定金可砸金蛋赢礼品。地址：红星美凯龙四楼西侧麦思哲·整体软装 咨询热线：xxxx-xxxxxxx,2,0.1
需要贷款的朋友请注意！我们专做小额贷款！银行能做的我们可以！银行做不了的我们也可以！欢迎来电咨询！xxxxxxxxxxx董经理！专业贷,2,0.1
高侤冲剌五人班、顶级专家强化压轴必侤题‘xx天高强度敎学xx小时贴身陪读，稳步菝高xxx！簽箹保过二本冲一本!可食宿xxxxxxxxxOO,2,0.1
最近除主材上了很多新样品，工艺工地也齐全了，从隐蔽工程水电，贴砖，吊顶，木工，防水，等一系列工艺，欢迎来参观，考察，对比，了解…九品小郑,2,0.1
三八节优惠酬宾活动 活动一:仅xx元可享受 x:价值xx元的田之缘浓缩洗衣液x瓶 x:x代药疗/肩颈护理/色离子渗透疗法（x选x） x,2,0.1
您好！        我是南洋国际置业顾问：小许。南洋国际是一座xA级的纯写字楼，户型面积xx平方到xxxx平方不等！,2,0.1
尊敬的客户您好，我行于x月xx日开始代销国债。国债利率三年期x.xx%，五年期x.xx%。欢迎广大客户前来认购。咨询电话xxxxxxx,2,0.1
女士您好！在此三八节来临之际，从今天开始娜玲芮雅专厅全场小衫xxx元特卖，数量有限欢迎您前来选购。,2,0.1
嫌去奥门太麻烦!?那就来xxxxxx；c○m 无限欢乐等着你。新年送祝福，来了就可获xx！满了x百就带走。,2,0.1
笑美数码感谢您的来电，主营苹果电磁炉、电压力锅、索爱DVD，欢迎广大新老客户来店选购，我们将竭诚为您服务！地址：新螺蛳湾二期xx区xxxx,2,0.1
三八妇女节，美丽大放送，柳州梦之岛女装二楼（茜纳）专柜x--x日购买春装x件x折，x件x折，部分货品低至x折，专柜还有更多的优惠等着您,2,0.1
开工大吉！我司低价供应月蚀Fx,2,0.1
珠海IBS国际语言学校成立xx年，专业培训全日制英语、日语、葡萄牙语课程，毕业组织考级，推荐就业，欢迎来校参观、试听。感谢您的关注！~,2,0.1
【茜施尔】亲爱的，元宵节快乐！女人天生是女王！x月x日至x日在茜施尔店内购买产品满xxx即减xx元！女王节，惠享美丽，为爱加冕！地址：商贸城南门往北xxx米路东。女王专线：xxxx-xxxxxxx    xxxxxxxxxxx,2,0.1
各位家长，新年好！     锦绣辅导中心正月十六开学，中学费用xxx元/月，小学费用xxx元/月。单科一对一补习xx元/小时，须提前,2,0.1
xx月xx日至xx月xx日，上海大众汽车三十周年之 Techcare 冬季关爱专场为您盛情开启！参加活动即可免费享受冬季专题检测包；多,2,0.1
业主您好，东鹏瓷砖开年巨惠在x月x日周六晚上x点盛大开始，全场瓷砖xx元每平起，进店再送xx元打车费！签单还有豪礼相送，地址:幸福家居,2,0.1
亲：清河路屈臣氏雅漾x/x—x/x双倍积?屈臣氏xx折！还有多款节日优惠套装，有需要记得来找我哟！我x、x、x上班！（小徐提前祝您妇女,2,0.1
心动妇女节！吉他美特别推出精选新品.奢华光感瑧致眼膜.店内所有产品x折优惠.V|P会员可享受双倍积分.心动不如行动.赶紧行动吧！到店送,2,0.1
卜蜂莲花男女服装全场冬裤xx，x元，棉衣xx，x元。请各位顾客不耍错过哦。,2,0.1
?????????????????? 澳门政府发布博彩官网  ?澳门权威赌场网上直营,2,0.1
传奇绝版洋房即将推出，欢迎您的到来！联系人：高峰，电话：xxxxxxxxxxx.营销中心地址：发展大道与新华路交汇处（华南海鲜市场旁）,2,0.1
美云代表胜创全体员工祝新年好，工作顺利，万事吉祥，凡来店做保养、喷漆多有优惠：机场大道富春江路【括苍中路xx号】联系电话：xxxxxx,2,0.1
x月xx日黑色星期五活动，优惠幅度历史空前，并享受我们xx小时快速送货、全城比价差价返还服务！实在不想打扰你，又怕事后落埋怨，亲，全年价格最低，定金火热预存中，预存另有超值好礼！地址:嵩山路与南三环交叉口百姓广场永乐电器，电话:xxxxxxxxxxx,2,0.1
各位亲：节日快乐。为感谢大家对我们Lily 店的大力支持，x.x---x.x日全场春装满xxx立减xx元，多买多减，欢迎新老顾客前来选购。,2,0.1
你好，我是刚才给您打电话的九创装饰哈尔滨分公司的家装顾问高立才，…公司xxx之前推出xxxxx精装修大包套餐…包工包料包主材包损耗，x,2,0.1
本公司为庆祝x周年庆典、为感谢新老顾客关爱、特推出大酬宾活动：凡在我公司购车按揭时只付本金，其他全免；同时免费办理加油信用卡一张、透支,2,0.1
承接各种内外脚手架工程，可出租材料，可包工包料。材料，人员充足（一次握手，终身朋友）！联系电话：xxxxxxxxxxx。新年价格优惠至最低,2,0.1
好消息，好消息，泉秀永辉超市二楼x月x日至x月xx百雀羚护肤品三八妇女节做回馈活动全场打x.x折，水嫩精纯满xxx立减xx元，有买有,2,0.1
金足足浴欢迎您的来电！本会所提供特色足浴，桑拿，保健理疗，推拿等等...一流的设施与服务是你工作之余放松疲惫首选之地...地址：汉宁东,2,0.1
喜迎元宵 壳牌润滑油xx-xx特大优惠 只需xxx另送空气格一个,2,0.1
新老顾客  你们好    小东美丽坊房租即将到期，日化彩妆、化妆品全部大处理，化妆品买一套送一套，口罩手套全部进价大处理。,2,0.1
金太阳学员家长你好，我校作文、奥数班级本周周五晚起按原时间陆续开课。另奥杯数学、英语，华杯全国大赛x月x日截止报名。询xxxxxxx,2,0.1
米，两梯两户，汀兰苑xx#xx--xxx平米，两梯四户，位置绝佳，全天候日照，视野开阔，价格优惠，详询销售主管张立群：xxxxxxx,2,0.1
m|盐田好运车行祝你开年大吉—转让德龙xxx豪沃金王子.双后桥xxx天龙xxx欧曼.各种架柜.xxxxxxxxxxx求购拖头车a,2,0.1
魅力女人节，相约三月八！你想拥有无限次的美容吗？现在只需xxx元帮你做xx次的美容。{任选项目}各位姐姐们有时间记得过来美美哦！馨馨美,2,0.1
初x数理化语英中.栲保Ａ班、各 科（全曰制）x~對~x：x月xx号開課，長郡、雅禮老師，东塘步步高xF。xxx-xxx-xx【至學】,2,0.1
您好！欢迎致电中山市南头镇南盛水行；本行专业销售鼎湖山、华山泉、怡宝、加林山品牌桶装饮用水；***送水上门；电话遇忙请拨xxxxxxxx,2,0.1
巨烽装饰公司。做工好、价格优、环保、质量有保证，唐宁样板间xx号楼x单xxx已装好。    巨烽装饰小武   电话xxxxxxxxxx,2,0.1
东莞市家宝园林绿化有限公司欢迎您!我司以优质服务专业承接:清洁,2,0.1
牌的；店里xxx活动已经开始，特价产品疯狂抢购，限时限量，莫失良机，详情咨询店内.....  南门富森一楼汉斯格雅 罗静,2,0.1
株洲福建商会投资担保有限公司，现有信用贷款月息x?x分，手续简便，资料齐全当天放款，欢迎来电咨询！xxxxxxxxxxx王,2,0.1
校长，您好！自信创造奇迹，拼搏书写神话。为了帮助高三学生减压提高学习的动力提前进入备考状态，近期由全国知名讲师深入学校内部开展《冲刺高考成就梦想》的励志演讲会。内容:x通过案例告诉学生高考的意义,2,0.1
本公司专业制作塑石假山，假山瀑布，各种假树，仿木纹栏杆，各种仿生卡通制品的设计以及施工，质优价廉，效果逼真。有意者联系xxxxxxxx,2,0.1
三月爱美丽，绽放女人季?? ，x月x日-x日，华隆步步高化妆品【羽西】满xxx减xxx，还有更多买赠[礼物][礼物]等待您，三八女人节,2,0.1
春天到了，嵊州一年生小苗基地出售早晚樱花，西府垂丝海棠，紫叶李，红枫，紫薇，红梅，红白紫玉兰，桂花等等小苗xxxxxxxxxxx  叶汀,2,0.1
近群科兴趣地标性建筑物，地段完美，人流集中，价格合理，是投资者最不可错过的选择。同时，怡景苑在xxxx推出三套特价房，怡景苑东临森林区,2,0.1
日-x月x日，春装一件x.x，两件x折，机会难得，期待您的光临！您的时尚顾问：小云,2,0.1
慕思寝具、欧化美家美居、钟意莱山棕床垫、海尔电器、A.O.史密斯。xx个国内一线品牌举办的［春季建材家居博览会］时间：xxxx．x．x,2,0.1
???亲爱的会员您好，我们是圣淘沙娱乐城xxxxx.com，我公司现首存赠送xx%彩金，并享公司入款优惠x.x%和返水x.x%无上限，也可申,2,0.1
在吗？x月xx日，xx日【特惠】北京故宫八达岭长城六天双飞团x天xxxx元/人，有需要联系我小温，另有国内，出境，台湾游业务办理，欢迎,2,0.1
xxxxxxxxxxx: 平安无抵押贷款，打卡工资、做生意、全款车、按揭房、寿险保单皆可贷，正规银行当天放款，利息低至x.x%!朱经理,2,0.1
【包商银行滨河支行祝福】喜庆元宵佳节祝您羊年吉祥、财源滚滚！凭该短信，办理开卡业务，即可领取面粉一袋。该活动转发无效！截止日期：xx,2,0.1
达芙妮 悦享女人节:x月x日—x月x日  （DA商品限时低至xxx元）   （DAxxx元起，圆漾xx折，DY&杜拉拉 现价） 另：x,2,0.1
连江(格哥屋外贸童装)大淸仓,2,0.1
），元宵节营业时间延长至xx点 ！ 晚上八点开始 ，还有更多限时折扣  ！服饰全场满xxx立减xx ，非食区全场x.x折 ，洗涤用,2,0.1
新年快乐，我是澳玛家具的李惠妮，红星美凯龙隆重推出促销活动，欢迎您的光临。元立减xx元现金！冬装 x件x.x折！详情请见店内海报！广元宝轮以纯专卖店期待你的光临！,2,0.1
朝阳国际广场二楼品牌内衣好波专柜:全场文胸一件六折，两件五折，限时抢购，各位亲们敬请光顾。,2,0.1
三八节百货大楼同仁堂化妆品专柜，金碧泉专柜活动：买xxx送xx产品、买xxx送xxx产品、伊妆产品五折,2,0.1
一号家居网装饰公司，x月x日举行大型优惠活动，客户当天进店免费抽奖，送家用电器，期待你的光临。,2,0.1
康妮咨询重拳推出(培训+咨询二合一)业绩裂变模式课程，帮助美业打破僵局，实现业绩十倍速增长！客服专线：xxxxxxxxxxx【康妮咨询】,2,0.1
尊敬的朋友您好，银丰康美会又出活动了，x月xx号前办理综合年卡赠x个月，游泳、健身年卡赠x个月，还可参与幸运抽奖哦，祝您生活愉快，身体健康,2,0.1
xxxx年开年钜献《祈福旺宅》建材特卖会（三门峡站）于x月x日周六下午一点半，三门峡电业局国际会议中心二楼盛大举行！ 旺宅是兴家之道，您一定不能错过！凭此短信可做入场券用，并享受一切优惠。咨询电话:xxxx-xxxxxxx，手机：xxxxxxxxxxx,2,0.1
世纪.未来城 一铺在手，三代不愁！双站双公园双校双商圈，城市新核财富引擎，xx-xxx㎡新火车金街黄金旺铺，来访即好礼！【世纪.未来城,2,0.1
达达百货.x--x号活动帕莎妮皮具专柜全场x折后在减xx元，欢迎新老顾客光临!,2,0.1
尊敬的客户，我行将于x月x日-xx日发售xx天、xxx天个人理财产品，x万起售，预期最高年化收益率x.x%、x.x%。怕打扰到您，所以短信通知一下您，感兴趣可以给我打电话，并提前预祝您元宵节快乐！您邢台银行的客户经理:姚悦琨,2,0.1
新年好！     我叫高美娜。长得又高又美又辣。性格是很温顺的哦。一直是校园的铁校花。真心交朋友。给我机会吧！我电话是xxxxxxxx,2,0.1
尊贵的会员您好！大西洋城娱乐场xxxxx.com 祝贺您注册成功。若有疑问请联系xx小时在线客服。,2,0.1
为感谢新老客户对颂扬汽（原名以马内利）一年来的支持，凡到店者都可免费清洗空调，滤芯除外，更多优惠等待您的光临    纺织东路（原小燥王,2,0.1
林清轩x-x节活动，够物满xxx元，再送你xxx元的商品。xxxx元以上，还有赠送哦！活动日期截止到x月x日。来找玲玲哦！,2,0.1
批量短信筛查，这为什么呢,0,0.02
你在说什么呢,0,0.02
你好,0,0.02
在吗,0,0.02
测试一下,0,0.02
谢谢,0,0.02
好的,0,0.02
收到,0,0.02
嗯嗯,0,0.02
可以,0,0.02
行,0,0.02
怎么了,0,0.02
没事,0,0.02
好的呢,0,0.02
在不在,0,0.02
这个怎么说,0,0.02
什么意思,0,0.02
我不太懂,0,0.02
再看看,0,0.02
先这样吧,0,0.02

